ISO3Code,AUREC_AMU,AUREC_CEN_SAD,AUREC_COMESA,AUREC_EAC,AUREC_ECCAS,AUREC_ECOWAS,AUREC_ECOWAS_202502,AUREC_IGAD,AUREC_SADC,AU_AFRICA,AU_CENTRAL_AFRICA,AU_EASTERN_AFRICA,AU_NORTHERN_AFRICA,AU_SOUTHERN_AFRICA,AU_WESTERN_AFRICA,SDGRC_ARAB,SDGRC_AUC,SDGRC_ECA_ALL,SDGRC_ECA_AMU,SDGRC_ECA_CA,SDGRC_ECA_CEN_SAD,SDGRC_ECA_COMESA,SDGRC_ECA_EA,SDGRC_ECA_EAC,SDGRC_ECA_ECCAS,SDGRC_ECA_ECOWAS,SDGRC_ECA_IE,SDGRC_ECA_IGAD,SDGRC_ECA_LDC,SDGRC_ECA_LLC,SDGRC_ECA_LL_LDC,SDGRC_ECA_MRC,SDGRC_ECA_NA,SDGRC_ECA_NOP,SDGRC_ECA_NO_LDC,SDGRC_ECA_OP,SDGRC_ECA_O_LDC,SDGRC_ECA_SA,SDGRC_ECA_SACU,SDGRC_ECA_SADC,SDGRC_ECA_SAHEL,SDGRC_ECA_SIS,SDGRC_ECA_SSA,SDGRC_ECA_WA,SDGRC_ECE_ALL,SDGRC_ECE_CIS11,SDGRC_ECE_EAEU,SDGRC_ECE_EECCA,SDGRC_ECE_EU27,SDGRC_ECE_EU_EUROAREA,SDGRC_ECE_WESTBALKANS,SDGRC_ECLAC_ALL,SDGRC_ECLAC_CARIBBEAN,SDGRC_ECLAC_LA,SDGRC_ESCAP_AFRICA,SDGRC_ESCAP_ALL,SDGRC_ESCAP_ASEAN,SDGRC_ESCAP_CSN,SDGRC_ESCAP_ECO,SDGRC_ESCAP_ENEA,SDGRC_ESCAP_EUROPE,SDGRC_ESCAP_LATIN_AMERICA,SDGRC_ESCAP_LDC,SDGRC_ESCAP_LLDC,SDGRC_ESCAP_NCA,SDGRC_ESCAP_NORTH_AMERICA,SDGRC_ESCAP_OTHER_AREA,SDGRC_ESCAP_PACIFIC,SDGRC_ESCAP_PIDE,SDGRC_ESCAP_SAARC,SDGRC_ESCAP_SEA,SDGRC_ESCAP_SIDS,SDGRC_ESCAP_SSWA,SDGRC_ESCAP_WB_HIGH,SDGRC_ESCAP_WB_LOW,SDGRC_ESCAP_WB_LOWER_MID,SDGRC_ESCAP_WB_UPPER_MID,SDGRC_ESCWA_ARAB_HIGH,SDGRC_ESCWA_ARAB_LOW,SDGRC_ESCWA_ARAB_MID,SDGRC_ESCWA_CONFLICT,SDGRC_ESCWA_GCC,SDGRC_ESCWA_LDC,SDGRC_ESCWA_MAGHREB,SDGRC_ESCWA_MASHREQ,SDGRC_ESCWA_NOCONFLICT_MID,UNICEF_EAP,UNICEF_EAPRO,UNICEF_ECA,UNICEF_ECARO,UNICEF_EECA,UNICEF_ESA,UNICEF_ESARO,UNICEF_LAC,UNICEF_LACRO,UNICEF_MENA,UNICEF_MENARO,UNICEF_NA,UNICEF_ROSA,UNICEF_SA,UNICEF_SSA,UNICEF_WCA,UNICEF_WCARO,UNICEF_WE,WB_EAP,WB_ECA,WB_HI,WB_LAC,WB_LI,WB_LMI,WB_MNA,WB_NAR,WB_SAR,WB_SSA,WB_UMI
ABW,,,,,,,,,,,,,,,,,,,,,,,,,,,,,,,,,,,,,,,,,,,,,,,,,,,,ECLAC_All countries,ECLAC_Carribean,,,,,,,,,ESCAP_Latin America (LAC),,,,,,,,,,,,,,,,,,,,,,,,,,,,,,,,,,,,,,,,,,,,,World Bank (high income),Latin America and the Caribbean,,,,,,,
AFG,,,,,,,,,,,,,,,,,,,,,,,,,,,,,,,,,,,,,,,,,,,,,,,,,,,,,,,,ESCAP_All countries,,ESCAP_Countries with Special Needs,ESCAP_ECO (ECO),,,,ESCAP_LDC (LDC_E),ESCAP_LLDC (LLDC_E),,,,,,ESCAP_SAARC (SAARC),,,ESCAP_South and South-West Asia (SSWA),,ESCAP_WB Low Income Economies,,,,,,,,,,,,,,,,,,,,,,,,South Asia,South Asia,,,,,,,,,World Bank (low income),,,,South Asia,,
AGO,,,,,Economic Community of Central African States (ECCAS),,,,Southern African Development Community (SADC),Africa (African Union),,,,Southern Africa (African Union),,,ECA_African Union Commission,ECA_All countries,,,,,,,ECA_ECCAS,,,,ECA_Least developed countries,,,,,,,ECA_Oil producing economies,ECA_Oil LDCs,ECA_Southern Africa,,ECA_SADC,,,ECA_Sub-Saharan Africa,,,,,,,,,,,,ESCAP_Africa (AFR),,,,,,,,,,,,,,,,,,,,,,,,,,,,,,,,,,,,,Eastern and Southern Africa,Eastern and Southern Africa,,,,,,,,Sub-Saharan Africa,,,,,,,,,World Bank (lower middle income),,,,Sub-Saharan Africa,
AIA,,,,,,,,,,,,,,,,,,,,,,,,,,,,,,,,,,,,,,,,,,,,,,,,,,,,ECLAC_All countries,ECLAC_Carribean,,,,,,,,,ESCAP_Latin America (LAC),,,,,,,,,,,,,,,,,,,,,,,,,,,,,,,,Latin America and Caribbean,Latin America and the Caribbean,,,,,,,,,,,,,,,,,,,,
ALA,,,,,,,,,,,,,,,,,,,,,,,,,,,,,,,,,,,,,,,,,,,,,,,,,,,,,,,,,,,,,ESCAP_Europe (Europe),,,,,,,,,,,,,,,,,,,,,,,,,,,,,,,,,,,,,,,,,,,,,,,,,,,,,,
ALB,,,,,,,,,,,,,,,,,,,,,,,,,,,,,,,,,,,,,,,,,,,,,ECE_All countries,,,,,,ECE_West Balkans (ST7),,,,,,,,,,ESCAP_Europe (Europe),,,,,,,,,,,,,,,,,,,,,,,,,,,,Europe and Central Asia,Europe and Central Asia,Eastern Europe and Central Asia,,,,,,,,,,,,,,,Europe and Central Asia,,,,,,,,,World Bank (upper middle income)
AND,,,,,,,,,,,,,,,,,,,,,,,,,,,,,,,,,,,,,,,,,,,,,ECE_All countries,,,,,,,,,,,,,,,,ESCAP_Europe (Europe),,,,,,,,,,,,,,,,,,,,,,,,,,,,Europe and Central Asia,,,,,,,,,,,,,,,Western Europe,,Europe and Central Asia,World Bank (high income),,,,,,,,
ANT,,,,,,,,,,,,,,,,,,,,,,,,,,,,,,,,,,,,,,,,,,,,,,,,,,,,,,,,,,,,,,ESCAP_Latin America (LAC),,,,,,,,,,,,,,,,,,,,,,,,,,,,,,,,,,,,,,,,,,,,,,,,,,,,,
ARE,,,,,,,,,,,,,,,,ESCWA_Arab countries,,,,,,,,,,,,,,,,,,,,,,,,,,,,,,,,,,,,,,,,,,,,,,,,,,,ESCAP_Other Area (OTH_REGION),,,,,,,,,,,ESCWA_Arab High-Income Countries (HICs),,,,ESCWA_Gulf Cooperation Council (GCC),,,,,,,,,,,,,,Middle East and North Africa,Middle East and North Africa,,,,,,,,,,World Bank (high income),,,,Middle East and North Africa,,,,
ARG,,,,,,,,,,,,,,,,,,,,,,,,,,,,,,,,,,,,,,,,,,,,,,,,,,,,ECLAC_All countries,,ECLAC_Latin America,,,,,,,,ESCAP_Latin America (LAC),,,,,,,,,,,,,,,,,,,,,,,,,,,,,,,,Latin America and Caribbean,Latin America and the Caribbean,,,,,,,,,,,,,Latin America and the Caribbean,,,,,,,World Bank (upper middle income)
ARM,,,,,,,,,,,,,,,,,,,,,,,,,,,,,,,,,,,,,,,,,,,,,ECE_All countries,ECE_CIS (CWG),ECE_Eurasian Economic Union (EAEU),"ECE_Eastern Europe, Caucasus and Central Asia (CIS)",,,,,,,,ESCAP_All countries,,ESCAP_Countries with Special Needs,,,,,,ESCAP_LLDC (LLDC_E),ESCAP_North and Central Asia (NCA),,,,,,,,,,,,ESCAP_WB Upper Middle Income Economies,,,,,,,,,,,,Europe and Central Asia,Europe and Central Asia,Eastern Europe and Central Asia,,,,,,,,,,,,,,,Europe and Central Asia,,,,,,,,,World Bank (upper middle income)
ASM,,,,,,,,,,,,,,,,,,,,,,,,,,,,,,,,,,,,,,,,,,,,,,,,,,,,,,,,ESCAP_All countries,,ESCAP_Countries with Special Needs,,,,,,,,,,ESCAP_PACIFIC (PAC),ESCAP_Pacific island developing economies (PIDE),,,ESCAP_Small Islands Developing States,,ESCAP_WB High Income Economies,,,,,,,,,,,,,,,,,,,,,,,,,,,,,,,East Asia and Pacific,,World Bank (high income),,,,,,,,
ATA,,,,,,,,,,,,,,,,,,,,,,,,,,,,,,,,,,,,,,,,,,,,,,,,,,,,,,,,,,,,,,,,,,,ESCAP_Other Area (OTH_REGION),,,,,,,,,,,,,,,,,,,,,,,,,,,,,,,,,,,,,,,,,,,,,,,,
ATF,,,,,,,,,,,,,,,,,,,,,,,,,,,,,,,,,,,,,,,,,,,,,,,,,,,,,,,,,,,,,,,,,,,ESCAP_Other Area (OTH_REGION),,,,,,,,,,,,,,,,,,,,,,,,,,,,,,,,,,,,,,,,,,,,,,,,
ATG,,,,,,,,,,,,,,,,,,,,,,,,,,,,,,,,,,,,,,,,,,,,,,,,,,,,ECLAC_All countries,ECLAC_Carribean,,,,,,,,,ESCAP_Latin America (LAC),,,,,,,,,,,,,,,,,,,,,,,,,,,,,,,,Latin America and Caribbean,Latin America and the Caribbean,,,,,,,,,,,,World Bank (high income),Latin America and the Caribbean,,,,,,,
AUS,,,,,,,,,,,,,,,,,,,,,,,,,,,,,,,,,,,,,,,,,,,,,,,,,,,,,,,,ESCAP_All countries,,,,,,,,,,,,ESCAP_PACIFIC (PAC),,,,,,ESCAP_WB High Income Economies,,,,,,,,,,,,,East Asia and Pacific,,,,,,,,,,,,,,,,,,East Asia and Pacific,,World Bank (high income),,,,,,,,
AUT,,,,,,,,,,,,,,,,,,,,,,,,,,,,,,,,,,,,,,,,,,,,,ECE_All countries,,,,ECE_European Union (E25),ECE_Euro area (EMU),,,,,,,,,,,ESCAP_Europe (Europe),,,,,,,,,,,,,,,,,,,,,,,,,,,,Europe and Central Asia,,,,,,,,,,,,,,,Western Europe,,Europe and Central Asia,World Bank (high income),,,,,,,,
AZE,,,,,,,,,,,,,,,,,,,,,,,,,,,,,,,,,,,,,,,,,,,,,ECE_All countries,ECE_CIS (CWG),,"ECE_Eastern Europe, Caucasus and Central Asia (CIS)",,,,,,,,ESCAP_All countries,,ESCAP_Countries with Special Needs,ESCAP_ECO (ECO),,,,,ESCAP_LLDC (LLDC_E),ESCAP_North and Central Asia (NCA),,,,,,,,,,,,ESCAP_WB Upper Middle Income Economies,,,,,,,,,,,,Europe and Central Asia,Europe and Central Asia,Eastern Europe and Central Asia,,,,,,,,,,,,,,,Europe and Central Asia,,,,,,,,,World Bank (upper middle income)
BDI,,,Common Market for Eastern and Southern Africa (COMESA),East African Community (EAC),Economic Community of Central African States (ECCAS),,,,,Africa (African Union),Central Africa (African Union),,,,,,ECA_African Union Commission,ECA_All countries,,,,ECA_COMESA,ECA_Eastern Africa,ECA_EAC,ECA_ECCAS,,,,ECA_Least developed countries,ECA_Land-locked countries,ECA_Land-locked LDCs,,,ECA_Non-Oil Producing,ECA_Non-Oil LDCs,,,,,,,,ECA_Sub-Saharan Africa,,,,,,,,,,,,ESCAP_Africa (AFR),,,,,,,,,,,,,,,,,,,,,,,,,,,,,,,,,,,,,Eastern and Southern Africa,Eastern and Southern Africa,,,,,,,,Sub-Saharan Africa,,,,,,,,World Bank (low income),,,,,Sub-Saharan Africa,
BEL,,,,,,,,,,,,,,,,,,,,,,,,,,,,,,,,,,,,,,,,,,,,,ECE_All countries,,,,ECE_European Union (E25),ECE_Euro area (EMU),,,,,,,,,,,ESCAP_Europe (Europe),,,,,,,,,,,,,,,,,,,,,,,,,,,,Europe and Central Asia,,,,,,,,,,,,,,,Western Europe,,Europe and Central Asia,World Bank (high income),,,,,,,,
BEN,,Community of Sahel-Saharan States (CEN-SAD),,,,Economic Community of West African States (ECOWAS),Economic Community of West African States (ECOWAS) 202502,,,Africa (African Union),,,,,Western Africa (African Union),,ECA_African Union Commission,ECA_All countries,,,ECA_CEN-SAD,,,,,ECA_ECOWAS,,,ECA_Least developed countries,,,ECA_Mineral-rich countries,,ECA_Non-Oil Producing,ECA_Non-Oil LDCs,,,,,,,,ECA_Sub-Saharan Africa,ECA_West Africa,,,,,,,,,,,ESCAP_Africa (AFR),,,,,,,,,,,,,,,,,,,,,,,,,,,,,,,,,,,,,,,,,,,,,,Sub-Saharan Africa,West and Central Africa,West and Central Africa,,,,,,,World Bank (lower middle income),,,,Sub-Saharan Africa,
BES,,,,,,,,,,,,,,,,,,,,,,,,,,,,,,,,,,,,,,,,,,,,,,,,,,,,ECLAC_All countries,ECLAC_Carribean,,,,,,,,,ESCAP_Latin America (LAC),,,,,,,,,,,,,,,,,,,,,,,,,,,,,,,,,,,,,,,,,,,,,,,,,,,,,
BFA,,Community of Sahel-Saharan States (CEN-SAD),,,,Economic Community of West African States (ECOWAS),,,,Africa (African Union),,,,,Western Africa (African Union),,ECA_African Union Commission,ECA_All countries,,,ECA_CEN-SAD,,,,,ECA_ECOWAS,,,ECA_Least developed countries,ECA_Land-locked countries,ECA_Land-locked LDCs,ECA_Mineral-rich countries,,ECA_Non-Oil Producing,ECA_Non-Oil LDCs,,,,,,ECA_Sahel,,ECA_Sub-Saharan Africa,ECA_West Africa,,,,,,,,,,,ESCAP_Africa (AFR),,,,,,,,,,,,,,,,,,,,,,,,,,,,,,,,,,,,,,,,,,,,,,Sub-Saharan Africa,West and Central Africa,West and Central Africa,,,,,,World Bank (low income),,,,,Sub-Saharan Africa,
BGD,,,,,,,,,,,,,,,,,,,,,,,,,,,,,,,,,,,,,,,,,,,,,,,,,,,,,,,,ESCAP_All countries,,ESCAP_Countries with Special Needs,,,,,ESCAP_LDC (LDC_E),,,,,,,ESCAP_SAARC (SAARC),,,ESCAP_South and South-West Asia (SSWA),,,ESCAP_WB Lower Middle Income Economies,,,,,,,,,,,,,,,,,,,,,,,South Asia,South Asia,,,,,,,,,,World Bank (lower middle income),,,South Asia,,
BGR,,,,,,,,,,,,,,,,,,,,,,,,,,,,,,,,,,,,,,,,,,,,,ECE_All countries,,,,ECE_European Union (E25),,,,,,,,,,,,ESCAP_Europe (Europe),,,,,,,,,,,,,,,,,,,,,,,,,,,,Europe and Central Asia,Europe and Central Asia,Eastern Europe and Central Asia,,,,,,,,,,,,,,,Europe and Central Asia,World Bank (high income),,,,,,,,
BHR,,,,,,,,,,,,,,,,ESCWA_Arab countries,,,,,,,,,,,,,,,,,,,,,,,,,,,,,,,,,,,,,,,,,,,,,,,,,,,ESCAP_Other Area (OTH_REGION),,,,,,,,,,,ESCWA_Arab High-Income Countries (HICs),,,,ESCWA_Gulf Cooperation Council (GCC),,,,,,,,,,,,,,Middle East and North Africa,Middle East and North Africa,,,,,,,,,,World Bank (high income),,,,Middle East and North Africa,,,,
BHS,,,,,,,,,,,,,,,,,,,,,,,,,,,,,,,,,,,,,,,,,,,,,,,,,,,,ECLAC_All countries,ECLAC_Carribean,,,,,,,,,ESCAP_Latin America (LAC),,,,,,,,,,,,,,,,,,,,,,,,,,,,,,,,Latin America and Caribbean,,,,,,,,,,,,,World Bank (high income),Latin America and the Caribbean,,,,,,,
BIH,,,,,,,,,,,,,,,,,,,,,,,,,,,,,,,,,,,,,,,,,,,,,ECE_All countries,,,,,,ECE_West Balkans (ST7),,,,,,,,,,ESCAP_Europe (Europe),,,,,,,,,,,,,,,,,,,,,,,,,,,,Europe and Central Asia,Europe and Central Asia,Eastern Europe and Central Asia,,,,,,,,,,,,,,,Europe and Central Asia,,,,,,,,,World Bank (upper middle income)
BLM,,,,,,,,,,,,,,,,,,,,,,,,,,,,,,,,,,,,,,,,,,,,,,,,,,,,ECLAC_All countries,ECLAC_Carribean,,,,,,,,ESCAP_Europe (Europe),,,,,,,,,,,,,,,,,,,,,,,,,,,,,,,,,,,,,,,,,,,,,,,,,,,,,,
BLR,,,,,,,,,,,,,,,,,,,,,,,,,,,,,,,,,,,,,,,,,,,,,ECE_All countries,ECE_CIS (CWG),ECE_Eurasian Economic Union (EAEU),"ECE_Eastern Europe, Caucasus and Central Asia (CIS)",,,,,,,,,,,,,ESCAP_Europe (Europe),,,,,,,,,,,,,,,,,,,,,,,,,,,,Europe and Central Asia,Europe and Central Asia,Eastern Europe and Central Asia,,,,,,,,,,,,,,,Europe and Central Asia,,,,,,,,,World Bank (upper middle income)
BLZ,,,,,,,,,,,,,,,,,,,,,,,,,,,,,,,,,,,,,,,,,,,,,,,,,,,,ECLAC_All countries,ECLAC_Carribean,,,,,,,,,ESCAP_Latin America (LAC),,,,,,,,,,,,,,,,,,,,,,,,,,,,,,,,Latin America and Caribbean,Latin America and the Caribbean,,,,,,,,,,,,,Latin America and the Caribbean,,,,,,,World Bank (upper middle income)
BMU,,,,,,,,,,,,,,,,,,,,,,,,,,,,,,,,,,,,,,,,,,,,,,,,,,,,,,,,,,,,,,,,,,ESCAP_North America (NAM),,,,,,,,,,,,,,,,,,,,,,,,,,,,,,,,,,,,,,,,,World Bank (high income),,,,,North America,,,
BOL,,,,,,,,,,,,,,,,,,,,,,,,,,,,,,,,,,,,,,,,,,,,,,,,,,,,ECLAC_All countries,,ECLAC_Latin America,,,,,,,,ESCAP_Latin America (LAC),,,,,,,,,,,,,,,,,,,,,,,,,,,,,,,,Latin America and Caribbean,Latin America and the Caribbean,,,,,,,,,,,,,Latin America and the Caribbean,,World Bank (lower middle income),,,,,
BRA,,,,,,,,,,,,,,,,,,,,,,,,,,,,,,,,,,,,,,,,,,,,,,,,,,,,ECLAC_All countries,,ECLAC_Latin America,,,,,,,,ESCAP_Latin America (LAC),,,,,,,,,,,,,,,,,,,,,,,,,,,,,,,,Latin America and Caribbean,Latin America and the Caribbean,,,,,,,,,,,,,Latin America and the Caribbean,,,,,,,World Bank (upper middle income)
BRB,,,,,,,,,,,,,,,,,,,,,,,,,,,,,,,,,,,,,,,,,,,,,,,,,,,,ECLAC_All countries,ECLAC_Carribean,,,,,,,,,ESCAP_Latin America (LAC),,,,,,,,,,,,,,,,,,,,,,,,,,,,,,,,Latin America and Caribbean,Latin America and the Caribbean,,,,,,,,,,,,World Bank (high income),Latin America and the Caribbean,,,,,,,
BRN,,,,,,,,,,,,,,,,,,,,,,,,,,,,,,,,,,,,,,,,,,,,,,,,,,,,,,,,ESCAP_All countries,ESCAP_ASEAN (ASEAN),,,,,,,,,,,,,,ESCAP_South-East Asia (SEA),,,ESCAP_WB High Income Economies,,,,,,,,,,,,,East Asia and Pacific,,,,,,,,,,,,,,,,,,East Asia and Pacific,,World Bank (high income),,,,,,,,
BTN,,,,,,,,,,,,,,,,,,,,,,,,,,,,,,,,,,,,,,,,,,,,,,,,,,,,,,,,ESCAP_All countries,,ESCAP_Countries with Special Needs,,,,,,ESCAP_LLDC (LLDC_E),,,,,,ESCAP_SAARC (SAARC),,,ESCAP_South and South-West Asia (SSWA),,,ESCAP_WB Lower Middle Income Economies,,,,,,,,,,,,,,,,,,,,,,,South Asia,South Asia,,,,,,,,,,World Bank (lower middle income),,,South Asia,,
BVT,,,,,,,,,,,,,,,,,,,,,,,,,,,,,,,,,,,,,,,,,,,,,,,,,,,,,,,,,,,,,,,,,,,ESCAP_Other Area (OTH_REGION),,,,,,,,,,,,,,,,,,,,,,,,,,,,,,,,,,,,,,,,,,,,,,,,
BWA,,,,,,,,,Southern African Development Community (SADC),Africa (African Union),,,,Southern Africa (African Union),,,ECA_African Union Commission,ECA_All countries,,,,,,,,,,,,ECA_Land-locked countries,,ECA_Mineral-rich countries,,ECA_Non-Oil Producing,,,,ECA_Southern Africa,ECA_Southern Africa Customs Union (SACU),ECA_SADC,,,ECA_Sub-Saharan Africa,,,,,,,,,,,,ESCAP_Africa (AFR),,,,,,,,,,,,,,,,,,,,,,,,,,,,,,,,,,,,,Eastern and Southern Africa,Eastern and Southern Africa,,,,,,,,Sub-Saharan Africa,,,,,,,,,,,,,Sub-Saharan Africa,World Bank (upper middle income)
CAF,,Community of Sahel-Saharan States (CEN-SAD),,,Economic Community of Central African States (ECCAS),,,,,Africa (African Union),Central Africa (African Union),,,,,,ECA_African Union Commission,ECA_All countries,,ECA_Central Africa,ECA_CEN-SAD,,,,ECA_ECCAS,,,,ECA_Least developed countries,ECA_Land-locked countries,ECA_Land-locked LDCs,ECA_Mineral-rich countries,,ECA_Non-Oil Producing,ECA_Non-Oil LDCs,,,,,,,,ECA_Sub-Saharan Africa,,,,,,,,,,,,ESCAP_Africa (AFR),,,,,,,,,,,,,,,,,,,,,,,,,,,,,,,,,,,,,,,,,,,,,,Sub-Saharan Africa,West and Central Africa,West and Central Africa,,,,,,World Bank (low income),,,,,Sub-Saharan Africa,
CAN,,,,,,,,,,,,,,,,,,,,,,,,,,,,,,,,,,,,,,,,,,,,,ECE_All countries,,,,,,,,,,,,,,,,,,,,,ESCAP_North America (NAM),,,,,,,,,,,,,,,,,,,,,,,,,,,,,,,,North America,,,,,,,,,World Bank (high income),,,,,North America,,,
CCK,,,,,,,,,,,,,,,,,,,,,,,,,,,,,,,,,,,,,,,,,,,,,,,,,,,,,,,,,,,,,,,,,,,ESCAP_Other Area (OTH_REGION),,,,,,,,,,,,,,,,,,,,,,,,,,,,,,,,,,,,,,,,,,,,,,,,
CHE,,,,,,,,,,,,,,,,,,,,,,,,,,,,,,,,,,,,,,,,,,,,,ECE_All countries,,,,,,,,,,,,,,,,ESCAP_Europe (Europe),,,,,,,,,,,,,,,,,,,,,,,,,,,,Europe and Central Asia,,,,,,,,,,,,,,,Western Europe,,Europe and Central Asia,World Bank (high income),,,,,,,,
CHI,,,,,,,,,,,,,,,,,,,,,,,,,,,,,,,,,,,,,,,,,,,,,,,,,,,,,,,,,,,,,ESCAP_Europe (Europe),,,,,,,,,,,,,,,,,,,,,,,,,,,,,,,,,,,,,,,,,,,,,Europe and Central Asia,World Bank (high income),,,,,,,,
CHL,,,,,,,,,,,,,,,,,,,,,,,,,,,,,,,,,,,,,,,,,,,,,,,,,,,,ECLAC_All countries,,ECLAC_Latin America,,,,,,,,ESCAP_Latin America (LAC),,,,,,,,,,,,,,,,,,,,,,,,,,,,,,,,Latin America and Caribbean,Latin America and the Caribbean,,,,,,,,,,,,World Bank (high income),Latin America and the Caribbean,,,,,,,
CHN,,,,,,,,,,,,,,,,,,,,,,,,,,,,,,,,,,,,,,,,,,,,,,,,,,,,,,,,ESCAP_All countries,,,,ESCAP_East and North-East Asia (ENEA),,,,,,,,,,,,,,,,,ESCAP_WB Upper Middle Income Economies,,,,,,,,,,East Asia and Pacific,East Asia and Pacific,,,,,,,,,,,,,,,,,East Asia and Pacific,,,,,,,,,,World Bank (upper middle income)
CIV,,Community of Sahel-Saharan States (CEN-SAD),,,,Economic Community of West African States (ECOWAS),Economic Community of West African States (ECOWAS) 202502,,,Africa (African Union),,,,,Western Africa (African Union),,ECA_African Union Commission,ECA_All countries,,,ECA_CEN-SAD,,,,,ECA_ECOWAS,,,,,,,,,,ECA_Oil producing economies,,,,,,,ECA_Sub-Saharan Africa,ECA_West Africa,,,,,,,,,,,ESCAP_Africa (AFR),,,,,,,,,,,,,,,,,,,,,,,,,,,,,,,,,,,,,,,,,,,,,,Sub-Saharan Africa,West and Central Africa,West and Central Africa,,,,,,,World Bank (lower middle income),,,,Sub-Saharan Africa,
CMR,,,,,Economic Community of Central African States (ECCAS),,,,,Africa (African Union),Central Africa (African Union),,,,,,ECA_African Union Commission,ECA_All countries,,ECA_Central Africa,,,,,ECA_ECCAS,,,,,,,,,,,ECA_Oil producing economies,,,,,ECA_Sahel,,ECA_Sub-Saharan Africa,,,,,,,,,,,,ESCAP_Africa (AFR),,,,,,,,,,,,,,,,,,,,,,,,,,,,,,,,,,,,,,,,,,,,,,Sub-Saharan Africa,West and Central Africa,West and Central Africa,,,,,,,World Bank (lower middle income),,,,Sub-Saharan Africa,
COD,,,Common Market for Eastern and Southern Africa (COMESA),East African Community (EAC),Economic Community of Central African States (ECCAS),,,,Southern African Development Community (SADC),Africa (African Union),Central Africa (African Union),,,,,,ECA_African Union Commission,ECA_All countries,,,,ECA_COMESA,ECA_Eastern Africa,ECA_EAC,ECA_ECCAS,,,,ECA_Least developed countries,,,ECA_Mineral-rich countries,,,,ECA_Oil producing economies,ECA_Oil LDCs,,,ECA_SADC,,,ECA_Sub-Saharan Africa,,,,,,,,,,,,ESCAP_Africa (AFR),,,,,,,,,,,,,,,,,,,,,,,,,,,,,,,,,,,,,,,,,,,,,,Sub-Saharan Africa,West and Central Africa,West and Central Africa,,,,,,World Bank (low income),,,,,Sub-Saharan Africa,
COG,,,,,Economic Community of Central African States (ECCAS),,,,,Africa (African Union),Central Africa (African Union),,,,,,ECA_African Union Commission,ECA_All countries,,ECA_Central Africa,,,,,ECA_ECCAS,,,,,,,,,,,ECA_Oil producing economies,,,,,,,ECA_Sub-Saharan Africa,,,,,,,,,,,,ESCAP_Africa (AFR),,,,,,,,,,,,,,,,,,,,,,,,,,,,,,,,,,,,,,,,,,,,,,Sub-Saharan Africa,West and Central Africa,West and Central Africa,,,,,,,World Bank (lower middle income),,,,Sub-Saharan Africa,
COK,,,,,,,,,,,,,,,,,,,,,,,,,,,,,,,,,,,,,,,,,,,,,,,,,,,,,,,,ESCAP_All countries,,ESCAP_Countries with Special Needs,,,,,,,,,,ESCAP_PACIFIC (PAC),ESCAP_Pacific island developing economies (PIDE),,,ESCAP_Small Islands Developing States,,,,,,,,,,,,,,,East Asia and Pacific,East Asia and Pacific,,,,,,,,,,,,,,,,,,,,,,,,,,,
COL,,,,,,,,,,,,,,,,,,,,,,,,,,,,,,,,,,,,,,,,,,,,,,,,,,,,ECLAC_All countries,,ECLAC_Latin America,,,,,,,,ESCAP_Latin America (LAC),,,,,,,,,,,,,,,,,,,,,,,,,,,,,,,,Latin America and Caribbean,Latin America and the Caribbean,,,,,,,,,,,,,Latin America and the Caribbean,,,,,,,World Bank (upper middle income)
COM,,Community of Sahel-Saharan States (CEN-SAD),Common Market for Eastern and Southern Africa (COMESA),,,,,,Southern African Development Community (SADC),Africa (African Union),,Eastern Africa (African Union),,,,ESCWA_Arab countries,ECA_African Union Commission,ECA_All countries,,,ECA_CEN-SAD,ECA_COMESA,ECA_Eastern Africa,,,,ECA_Island economies,,ECA_Least developed countries,,,,,ECA_Non-Oil Producing,ECA_Non-Oil LDCs,,,,,ECA_SADC,,ECA_Small Island states,ECA_Sub-Saharan Africa,,,,,,,,,,,,ESCAP_Africa (AFR),,,,,,,,,,,,,,,,,,,,,,,,,ESCWA_Arab Middle-Income Countries (MICs),,,ESCWA_Arab LDCs subregion,,,,,,,,,Eastern and Southern Africa,Eastern and Southern Africa,,,,,,,,Sub-Saharan Africa,,,,,,,,,World Bank (lower middle income),,,,Sub-Saharan Africa,
CPV,,,,,,Economic Community of West African States (ECOWAS),Economic Community of West African States (ECOWAS) 202502,,,Africa (African Union),,,,,Western Africa (African Union),,ECA_African Union Commission,ECA_All countries,,,,,,,,ECA_ECOWAS,ECA_Island economies,,,,,,,ECA_Non-Oil Producing,,,,,,,,ECA_Small Island states,ECA_Sub-Saharan Africa,ECA_West Africa,,,,,,,,,,,ESCAP_Africa (AFR),,,,,,,,,,,,,,,,,,,,,,,,,,,,,,,,,,,,,,,,,,,,,,Sub-Saharan Africa,West and Central Africa,West and Central Africa,,,,,,,World Bank (lower middle income),,,,Sub-Saharan Africa,
CRI,,,,,,,,,,,,,,,,,,,,,,,,,,,,,,,,,,,,,,,,,,,,,,,,,,,,ECLAC_All countries,,ECLAC_Latin America,,,,,,,,ESCAP_Latin America (LAC),,,,,,,,,,,,,,,,,,,,,,,,,,,,,,,,Latin America and Caribbean,Latin America and the Caribbean,,,,,,,,,,,,,Latin America and the Caribbean,,,,,,,World Bank (upper middle income)
CUB,,,,,,,,,,,,,,,,,,,,,,,,,,,,,,,,,,,,,,,,,,,,,,,,,,,,ECLAC_All countries,,ECLAC_Latin America,,,,,,,,ESCAP_Latin America (LAC),,,,,,,,,,,,,,,,,,,,,,,,,,,,,,,,Latin America and Caribbean,Latin America and the Caribbean,,,,,,,,,,,,,Latin America and the Caribbean,,,,,,,World Bank (upper middle income)
CUW,,,,,,,,,,,,,,,,,,,,,,,,,,,,,,,,,,,,,,,,,,,,,,,,,,,,ECLAC_All countries,ECLAC_Carribean,,,,,,,,,ESCAP_Latin America (LAC),,,,,,,,,,,,,,,,,,,,,,,,,,,,,,,,,,,,,,,,,,,,,World Bank (high income),Latin America and the Caribbean,,,,,,,
CXR,,,,,,,,,,,,,,,,,,,,,,,,,,,,,,,,,,,,,,,,,,,,,,,,,,,,,,,,,,,,,,,,,,,ESCAP_Other Area (OTH_REGION),,,,,,,,,,,,,,,,,,,,,,,,,,,,,,,,,,,,,,,,,,,,,,,,
CYM,,,,,,,,,,,,,,,,,,,,,,,,,,,,,,,,,,,,,,,,,,,,,,,,,,,,ECLAC_All countries,ECLAC_Carribean,,,,,,,,,ESCAP_Latin America (LAC),,,,,,,,,,,,,,,,,,,,,,,,,,,,,,,,,,,,,,,,,,,,,World Bank (high income),Latin America and the Caribbean,,,,,,,
CYP,,,,,,,,,,,,,,,,,,,,,,,,,,,,,,,,,,,,,,,,,,,,,ECE_All countries,,,,ECE_European Union (E25),ECE_Euro area (EMU),,,,,,,,,,,ESCAP_Europe (Europe),,,,,,,,,,,,,,,,,,,,,,,,,,,,Europe and Central Asia,,,,,,,,,,,,,,,Western Europe,,Europe and Central Asia,World Bank (high income),,,,,,,,
CZE,,,,,,,,,,,,,,,,,,,,,,,,,,,,,,,,,,,,,,,,,,,,,ECE_All countries,,,,ECE_European Union (E25),,,,,,,,,,,,ESCAP_Europe (Europe),,,,,,,,,,,,,,,,,,,,,,,,,,,,Europe and Central Asia,,,,,,,,,,,,,,,Western Europe,,Europe and Central Asia,World Bank (high income),,,,,,,,
DEU,,,,,,,,,,,,,,,,,,,,,,,,,,,,,,,,,,,,,,,,,,,,,ECE_All countries,,,,ECE_European Union (E25),ECE_Euro area (EMU),,,,,,,,,,,ESCAP_Europe (Europe),,,,,,,,,,,,,,,,,,,,,,,,,,,,Europe and Central Asia,,,,,,,,,,,,,,,Western Europe,,Europe and Central Asia,World Bank (high income),,,,,,,,
DJI,,Community of Sahel-Saharan States (CEN-SAD),Common Market for Eastern and Southern Africa (COMESA),,,,,Intergovernmental Authority on Development (IGAD),,Africa (African Union),,Eastern Africa (African Union),,,,ESCWA_Arab countries,ECA_African Union Commission,ECA_All countries,,,ECA_CEN-SAD,ECA_COMESA,ECA_Eastern Africa,,,,,ECA_IGAD,ECA_Least developed countries,,,ECA_Mineral-rich countries,,ECA_Non-Oil Producing,ECA_Non-Oil LDCs,,,,,,,,ECA_Sub-Saharan Africa,,,,,,,,,,,,ESCAP_Africa (AFR),,,,,,,,,,,,,,,,,,,,,,,,,ESCWA_Arab Middle-Income Countries (MICs),,,ESCWA_Arab LDCs subregion,,,,,,,,,Eastern and Southern Africa,,,,,Middle East and North Africa,,,,Sub-Saharan Africa,,,,,,,,,World Bank (lower middle income),Middle East and North Africa,,,,
DMA,,,,,,,,,,,,,,,,,,,,,,,,,,,,,,,,,,,,,,,,,,,,,,,,,,,,ECLAC_All countries,ECLAC_Carribean,,,,,,,,,ESCAP_Latin America (LAC),,,,,,,,,,,,,,,,,,,,,,,,,,,,,,,,Latin America and Caribbean,Latin America and the Caribbean,,,,,,,,,,,,,Latin America and the Caribbean,,,,,,,World Bank (upper middle income)
DNK,,,,,,,,,,,,,,,,,,,,,,,,,,,,,,,,,,,,,,,,,,,,,ECE_All countries,,,,ECE_European Union (E25),,,,,,,,,,,,ESCAP_Europe (Europe),,,,,,,,,,,,,,,,,,,,,,,,,,,,Europe and Central Asia,,,,,,,,,,,,,,,Western Europe,,Europe and Central Asia,World Bank (high income),,,,,,,,
DOM,,,,,,,,,,,,,,,,,,,,,,,,,,,,,,,,,,,,,,,,,,,,,,,,,,,,ECLAC_All countries,,ECLAC_Latin America,,,,,,,,ESCAP_Latin America (LAC),,,,,,,,,,,,,,,,,,,,,,,,,,,,,,,,Latin America and Caribbean,Latin America and the Caribbean,,,,,,,,,,,,,Latin America and the Caribbean,,,,,,,World Bank (upper middle income)
DZA,Arab Maghreb Union (AMU),,,,,,,,,Africa (African Union),,,Northern Africa (African Union),,,ESCWA_Arab countries,ECA_African Union Commission,ECA_All countries,ECA_AMU,,,,,,,,,,,,,ECA_Mineral-rich countries,ECA_North Africa,,,ECA_Oil producing economies,,,,,,,,,,,,,,,,,,,ESCAP_Africa (AFR),,,,,,,,,,,,,,,,,,,,,,,,,ESCWA_Arab Middle-Income Countries (MICs),,,,ESCWA_Maghreb subregion,,ESCWA_Non-conflict middle income countries,,,,,,,,,,Middle East and North Africa,Middle East and North Africa,,,,,,,,,,,,,,Middle East and North Africa,,,,World Bank (upper middle income)
ECU,,,,,,,,,,,,,,,,,,,,,,,,,,,,,,,,,,,,,,,,,,,,,,,,,,,,ECLAC_All countries,,ECLAC_Latin America,,,,,,,,ESCAP_Latin America (LAC),,,,,,,,,,,,,,,,,,,,,,,,,,,,,,,,Latin America and Caribbean,Latin America and the Caribbean,,,,,,,,,,,,,Latin America and the Caribbean,,,,,,,World Bank (upper middle income)
EGY,,Community of Sahel-Saharan States (CEN-SAD),Common Market for Eastern and Southern Africa (COMESA),,,,,,,Africa (African Union),,,Northern Africa (African Union),,,ESCWA_Arab countries,ECA_African Union Commission,ECA_All countries,,,ECA_CEN-SAD,ECA_COMESA,,,,,,,,,,,ECA_North Africa,,,ECA_Oil producing economies,,,,,,,,,,,,,,,,,,,ESCAP_Africa (AFR),,,,,,,,,,,,,,,,,,,,,,,,,ESCWA_Arab Middle-Income Countries (MICs),,,,,ESCWA_Mashreq subregion,ESCWA_Non-conflict middle income countries,,,,,,,,,,Middle East and North Africa,Middle East and North Africa,,,,,,,,,,,,,World Bank (lower middle income),Middle East and North Africa,,,,
ERI,,Community of Sahel-Saharan States (CEN-SAD),Common Market for Eastern and Southern Africa (COMESA),,,,,Intergovernmental Authority on Development (IGAD),,Africa (African Union),,Eastern Africa (African Union),,,,,ECA_African Union Commission,ECA_All countries,,,ECA_CEN-SAD,ECA_COMESA,ECA_Eastern Africa,,,,,ECA_IGAD,ECA_Least developed countries,,,,,ECA_Non-Oil Producing,ECA_Non-Oil LDCs,,,,,,,,ECA_Sub-Saharan Africa,,,,,,,,,,,,ESCAP_Africa (AFR),,,,,,,,,,,,,,,,,,,,,,,,,,,,,,,,,,,,,Eastern and Southern Africa,Eastern and Southern Africa,,,,,,,,Sub-Saharan Africa,,,,,,,,World Bank (low income),,,,,Sub-Saharan Africa,
ESH,,,,,,,,,,Africa (African Union),,,Northern Africa (African Union),,,,ECA_African Union Commission,,,,,,,,,,,,,,,,,,,,,,,,,,,,,,,,,,,,,,ESCAP_Africa (AFR),,,,,,,,,,,,,,,,,,,,,,,,,,,,,,,,,,,,,,,,,,,,,,,,,,,,,,,,,,,,
ESP,,,,,,,,,,,,,,,,,,,,,,,,,,,,,,,,,,,,,,,,,,,,,ECE_All countries,,,,ECE_European Union (E25),ECE_Euro area (EMU),,,,,,,,,,,ESCAP_Europe (Europe),,,,,,,,,,,,,,,,,,,,,,,,,,,,Europe and Central Asia,,,,,,,,,,,,,,,Western Europe,,Europe and Central Asia,World Bank (high income),,,,,,,,
EST,,,,,,,,,,,,,,,,,,,,,,,,,,,,,,,,,,,,,,,,,,,,,ECE_All countries,,,,ECE_European Union (E25),ECE_Euro area (EMU),,,,,,,,,,,ESCAP_Europe (Europe),,,,,,,,,,,,,,,,,,,,,,,,,,,,Europe and Central Asia,,,,,,,,,,,,,,,Western Europe,,Europe and Central Asia,World Bank (high income),,,,,,,,
ETH,,,Common Market for Eastern and Southern Africa (COMESA),,,,,Intergovernmental Authority on Development (IGAD),,Africa (African Union),,Eastern Africa (African Union),,,,,ECA_African Union Commission,ECA_All countries,,,,ECA_COMESA,ECA_Eastern Africa,,,,,ECA_IGAD,ECA_Least developed countries,ECA_Land-locked countries,ECA_Land-locked LDCs,,,ECA_Non-Oil Producing,ECA_Non-Oil LDCs,,,,,,,,ECA_Sub-Saharan Africa,,,,,,,,,,,,ESCAP_Africa (AFR),,,,,,,,,,,,,,,,,,,,,,,,,,,,,,,,,,,,,Eastern and Southern Africa,Eastern and Southern Africa,,,,,,,,Sub-Saharan Africa,,,,,,,,World Bank (low income),,,,,Sub-Saharan Africa,
FIN,,,,,,,,,,,,,,,,,,,,,,,,,,,,,,,,,,,,,,,,,,,,,ECE_All countries,,,,ECE_European Union (E25),ECE_Euro area (EMU),,,,,,,,,,,ESCAP_Europe (Europe),,,,,,,,,,,,,,,,,,,,,,,,,,,,Europe and Central Asia,,,,,,,,,,,,,,,Western Europe,,Europe and Central Asia,World Bank (high income),,,,,,,,
FJI,,,,,,,,,,,,,,,,,,,,,,,,,,,,,,,,,,,,,,,,,,,,,,,,,,,,,,,,ESCAP_All countries,,ESCAP_Countries with Special Needs,,,,,,,,,,ESCAP_PACIFIC (PAC),ESCAP_Pacific island developing economies (PIDE),,,ESCAP_Small Islands Developing States,,,,,ESCAP_WB Upper Middle Income Economies,,,,,,,,,,East Asia and Pacific,East Asia and Pacific,,,,,,,,,,,,,,,,,East Asia and Pacific,,,,,,,,,,World Bank (upper middle income)
FLK,,,,,,,,,,,,,,,,,,,,,,,,,,,,,,,,,,,,,,,,,,,,,,,,,,,,,,,,,,,,,,ESCAP_Latin America (LAC),,,,,,,,,,,,,,,,,,,,,,,,,,,,,,,,,,,,,,,,,,,,,,,,,,,,,
FRA,,,,,,,,,,,,,,,,,,,,,,,,,,,,,,,,,,,,,,,,,,,,,ECE_All countries,,,,ECE_European Union (E25),ECE_Euro area (EMU),,,,,,,,,,,ESCAP_Europe (Europe),,,,,,,,,,,,,,,,,,,,,,,,,,,,Europe and Central Asia,,,,,,,,,,,,,,,Western Europe,,Europe and Central Asia,World Bank (high income),,,,,,,,
FRO,,,,,,,,,,,,,,,,,,,,,,,,,,,,,,,,,,,,,,,,,,,,,,,,,,,,,,,,,,,,,ESCAP_Europe (Europe),,,,,,,,,,,,,,,,,,,,,,,,,,,,,,,,,,,,,,,,,,,,,Europe and Central Asia,World Bank (high income),,,,,,,,
FSM,,,,,,,,,,,,,,,,,,,,,,,,,,,,,,,,,,,,,,,,,,,,,,,,,,,,,,,,ESCAP_All countries,,ESCAP_Countries with Special Needs,,,,,,,,,,ESCAP_PACIFIC (PAC),ESCAP_Pacific island developing economies (PIDE),,,ESCAP_Small Islands Developing States,,,,ESCAP_WB Lower Middle Income Economies,,,,,,,,,,,East Asia and Pacific,East Asia and Pacific,,,,,,,,,,,,,,,,,East Asia and Pacific,,,,,World Bank (lower middle income),,,,,
GAB,,,,,Economic Community of Central African States (ECCAS),,,,,Africa (African Union),Central Africa (African Union),,,,,,ECA_African Union Commission,ECA_All countries,,ECA_Central Africa,,,,,ECA_ECCAS,,,,,,,,,,,ECA_Oil producing economies,,,,,,,ECA_Sub-Saharan Africa,,,,,,,,,,,,ESCAP_Africa (AFR),,,,,,,,,,,,,,,,,,,,,,,,,,,,,,,,,,,,,,,,,,,,,,Sub-Saharan Africa,West and Central Africa,West and Central Africa,,,,,,,,,,,Sub-Saharan Africa,World Bank (upper middle income)
GBR,,,,,,,,,,,,,,,,,,,,,,,,,,,,,,,,,,,,,,,,,,,,,ECE_All countries,,,,,,,,,,,,,,,,ESCAP_Europe (Europe),,,,,,,,,,,,,,,,,,,,,,,,,,,,Europe and Central Asia,,,,,,,,,,,,,,,Western Europe,,Europe and Central Asia,World Bank (high income),,,,,,,,
GEO,,,,,,,,,,,,,,,,,,,,,,,,,,,,,,,,,,,,,,,,,,,,,ECE_All countries,,,"ECE_Eastern Europe, Caucasus and Central Asia (CIS)",,,,,,,,ESCAP_All countries,,,,,,,,,ESCAP_North and Central Asia (NCA),,,,,,,,,,,,ESCAP_WB Upper Middle Income Economies,,,,,,,,,,,,Europe and Central Asia,Europe and Central Asia,Eastern Europe and Central Asia,,,,,,,,,,,,,,,Europe and Central Asia,,,,,,,,,World Bank (upper middle income)
GGY,,,,,,,,,,,,,,,,,,,,,,,,,,,,,,,,,,,,,,,,,,,,,,,,,,,,,,,,,,,,,ESCAP_Europe (Europe),,,,,,,,,,,,,,,,,,,,,,,,,,,,,,,,,,,,,,,,,,,,,,,,,,,,,,
GHA,,Community of Sahel-Saharan States (CEN-SAD),,,,Economic Community of West African States (ECOWAS),Economic Community of West African States (ECOWAS) 202502,,,Africa (African Union),,,,,Western Africa (African Union),,ECA_African Union Commission,ECA_All countries,,,ECA_CEN-SAD,,,,,ECA_ECOWAS,,,,,,ECA_Mineral-rich countries,,,,ECA_Oil producing economies,,,,,,,ECA_Sub-Saharan Africa,ECA_West Africa,,,,,,,,,,,ESCAP_Africa (AFR),,,,,,,,,,,,,,,,,,,,,,,,,,,,,,,,,,,,,,,,,,,,,,Sub-Saharan Africa,West and Central Africa,West and Central Africa,,,,,,,World Bank (lower middle income),,,,Sub-Saharan Africa,
GIB,,,,,,,,,,,,,,,,,,,,,,,,,,,,,,,,,,,,,,,,,,,,,,,,,,,,,,,,,,,,,ESCAP_Europe (Europe),,,,,,,,,,,,,,,,,,,,,,,,,,,,,,,,,,,,,,,,,,,,,Europe and Central Asia,World Bank (high income),,,,,,,,
GIN,,,,,,Economic Community of West African States (ECOWAS),Economic Community of West African States (ECOWAS) 202502,,,Africa (African Union),,,,,Western Africa (African Union),,ECA_African Union Commission,ECA_All countries,,,,,,,,ECA_ECOWAS,,,ECA_Least developed countries,,,ECA_Mineral-rich countries,,ECA_Non-Oil Producing,ECA_Non-Oil LDCs,,,,,,ECA_Sahel,,ECA_Sub-Saharan Africa,ECA_West Africa,,,,,,,,,,,ESCAP_Africa (AFR),,,,,,,,,,,,,,,,,,,,,,,,,,,,,,,,,,,,,,,,,,,,,,Sub-Saharan Africa,West and Central Africa,West and Central Africa,,,,,,,World Bank (lower middle income),,,,Sub-Saharan Africa,
GLP,,,,,,,,,,,,,,,,,,,,,,,,,,,,,,,,,,,,,,,,,,,,,,,,,,,,ECLAC_All countries,ECLAC_Carribean,,,,,,,,,ESCAP_Latin America (LAC),,,,,,,,,,,,,,,,,,,,,,,,,,,,,,,,,,,,,,,,,,,,,,,,,,,,,
GMB,,Community of Sahel-Saharan States (CEN-SAD),,,,Economic Community of West African States (ECOWAS),Economic Community of West African States (ECOWAS) 202502,,,Africa (African Union),,,,,Western Africa (African Union),,ECA_African Union Commission,ECA_All countries,,,ECA_CEN-SAD,,,,,ECA_ECOWAS,,,ECA_Least developed countries,,,,,ECA_Non-Oil Producing,ECA_Non-Oil LDCs,,,,,,ECA_Sahel,,ECA_Sub-Saharan Africa,ECA_West Africa,,,,,,,,,,,ESCAP_Africa (AFR),,,,,,,,,,,,,,,,,,,,,,,,,,,,,,,,,,,,,,,,,,,,,,Sub-Saharan Africa,West and Central Africa,West and Central Africa,,,,,,World Bank (low income),,,,,Sub-Saharan Africa,
GNB,,Community of Sahel-Saharan States (CEN-SAD),,,,Economic Community of West African States (ECOWAS),Economic Community of West African States (ECOWAS) 202502,,,Africa (African Union),,,,,Western Africa (African Union),,ECA_African Union Commission,ECA_All countries,,,ECA_CEN-SAD,,,,,ECA_ECOWAS,,,ECA_Least developed countries,,,,,ECA_Non-Oil Producing,ECA_Non-Oil LDCs,,,,,,,,ECA_Sub-Saharan Africa,ECA_West Africa,,,,,,,,,,,ESCAP_Africa (AFR),,,,,,,,,,,,,,,,,,,,,,,,,,,,,,,,,,,,,,,,,,,,,,Sub-Saharan Africa,West and Central Africa,West and Central Africa,,,,,,World Bank (low income),,,,,Sub-Saharan Africa,
GNQ,,,,,Economic Community of Central African States (ECCAS),,,,,Africa (African Union),Central Africa (African Union),,,,,,ECA_African Union Commission,ECA_All countries,,ECA_Central Africa,,,,,ECA_ECCAS,,,,,,,ECA_Mineral-rich countries,,,,ECA_Oil producing economies,,,,,,,ECA_Sub-Saharan Africa,,,,,,,,,,,,ESCAP_Africa (AFR),,,,,,,,,,,,,,,,,,,,,,,,,,,,,,,,,,,,,,,,,,,,,,Sub-Saharan Africa,West and Central Africa,West and Central Africa,,,,,,,,,,,Sub-Saharan Africa,World Bank (upper middle income)
GRC,,,,,,,,,,,,,,,,,,,,,,,,,,,,,,,,,,,,,,,,,,,,,ECE_All countries,,,,ECE_European Union (E25),ECE_Euro area (EMU),,,,,,,,,,,ESCAP_Europe (Europe),,,,,,,,,,,,,,,,,,,,,,,,,,,,Europe and Central Asia,Europe and Central Asia,,,,,,,,,,,,,,Western Europe,,Europe and Central Asia,World Bank (high income),,,,,,,,
GRD,,,,,,,,,,,,,,,,,,,,,,,,,,,,,,,,,,,,,,,,,,,,,,,,,,,,ECLAC_All countries,ECLAC_Carribean,,,,,,,,,ESCAP_Latin America (LAC),,,,,,,,,,,,,,,,,,,,,,,,,,,,,,,,Latin America and Caribbean,Latin America and the Caribbean,,,,,,,,,,,,,Latin America and the Caribbean,,,,,,,World Bank (upper middle income)
GRL,,,,,,,,,,,,,,,,,,,,,,,,,,,,,,,,,,,,,,,,,,,,,,,,,,,,,,,,,,,,,,,,,,ESCAP_North America (NAM),,,,,,,,,,,,,,,,,,,,,,,,,,,,,,,,,,,,,,,,Europe and Central Asia,World Bank (high income),,,,,,,,
GTM,,,,,,,,,,,,,,,,,,,,,,,,,,,,,,,,,,,,,,,,,,,,,,,,,,,,ECLAC_All countries,,ECLAC_Latin America,,,,,,,,ESCAP_Latin America (LAC),,,,,,,,,,,,,,,,,,,,,,,,,,,,,,,,Latin America and Caribbean,Latin America and the Caribbean,,,,,,,,,,,,,Latin America and the Caribbean,,,,,,,World Bank (upper middle income)
GUF,,,,,,,,,,,,,,,,,,,,,,,,,,,,,,,,,,,,,,,,,,,,,,,,,,,,ECLAC_All countries,ECLAC_Carribean,,,,,,,,,ESCAP_Latin America (LAC),,,,,,,,,,,,,,,,,,,,,,,,,,,,,,,,,,,,,,,,,,,,,,,,,,,,,
GUM,,,,,,,,,,,,,,,,,,,,,,,,,,,,,,,,,,,,,,,,,,,,,,,,,,,,,,,,ESCAP_All countries,,ESCAP_Countries with Special Needs,,,,,,,,,,ESCAP_PACIFIC (PAC),ESCAP_Pacific island developing economies (PIDE),,,ESCAP_Small Islands Developing States,,ESCAP_WB High Income Economies,,,,,,,,,,,,,,,,,,,,,,,,,,,,,,,East Asia and Pacific,,World Bank (high income),,,,,,,,
GUY,,,,,,,,,,,,,,,,,,,,,,,,,,,,,,,,,,,,,,,,,,,,,,,,,,,,ECLAC_All countries,ECLAC_Carribean,,,,,,,,,ESCAP_Latin America (LAC),,,,,,,,,,,,,,,,,,,,,,,,,,,,,,,,Latin America and Caribbean,Latin America and the Caribbean,,,,,,,,,,,,World Bank (high income),Latin America and the Caribbean,,,,,,,
HKG,,,,,,,,,,,,,,,,,,,,,,,,,,,,,,,,,,,,,,,,,,,,,,,,,,,,,,,,ESCAP_All countries,,,,ESCAP_East and North-East Asia (ENEA),,,,,,,,,,,,,,ESCAP_WB High Income Economies,,,,,,,,,,,,,,,,,,,,,,,,,,,,,,,East Asia and Pacific,,World Bank (high income),,,,,,,,
HMD,,,,,,,,,,,,,,,,,,,,,,,,,,,,,,,,,,,,,,,,,,,,,,,,,,,,,,,,,,,,,,,,,,,ESCAP_Other Area (OTH_REGION),,,,,,,,,,,,,,,,,,,,,,,,,,,,,,,,,,,,,,,,,,,,,,,,
HND,,,,,,,,,,,,,,,,,,,,,,,,,,,,,,,,,,,,,,,,,,,,,,,,,,,,ECLAC_All countries,,ECLAC_Latin America,,,,,,,,ESCAP_Latin America (LAC),,,,,,,,,,,,,,,,,,,,,,,,,,,,,,,,Latin America and Caribbean,Latin America and the Caribbean,,,,,,,,,,,,,Latin America and the Caribbean,,World Bank (lower middle income),,,,,
HRV,,,,,,,,,,,,,,,,,,,,,,,,,,,,,,,,,,,,,,,,,,,,,ECE_All countries,,,,ECE_European Union (E25),,ECE_West Balkans (ST7),,,,,,,,,,ESCAP_Europe (Europe),,,,,,,,,,,,,,,,,,,,,,,,,,,,Europe and Central Asia,Europe and Central Asia,Eastern Europe and Central Asia,,,,,,,,,,,,,,,Europe and Central Asia,World Bank (high income),,,,,,,,
HTI,,,,,,,,,,,,,,,,,,,,,,,,,,,,,,,,,,,,,,,,,,,,,,,,,,,,ECLAC_All countries,,ECLAC_Latin America,,,,,,,,ESCAP_Latin America (LAC),,,,,,,,,,,,,,,,,,,,,,,,,,,,,,,,Latin America and Caribbean,Latin America and the Caribbean,,,,,,,,,,,,,Latin America and the Caribbean,,World Bank (lower middle income),,,,,
HUN,,,,,,,,,,,,,,,,,,,,,,,,,,,,,,,,,,,,,,,,,,,,,ECE_All countries,,,,ECE_European Union (E25),,,,,,,,,,,,ESCAP_Europe (Europe),,,,,,,,,,,,,,,,,,,,,,,,,,,,Europe and Central Asia,,,,,,,,,,,,,,,Western Europe,,Europe and Central Asia,World Bank (high income),,,,,,,,
IDN,,,,,,,,,,,,,,,,,,,,,,,,,,,,,,,,,,,,,,,,,,,,,,,,,,,,,,,,ESCAP_All countries,ESCAP_ASEAN (ASEAN),,,,,,,,,,,,,,ESCAP_South-East Asia (SEA),,,,,,ESCAP_WB Upper Middle Income Economies,,,,,,,,,,East Asia and Pacific,East Asia and Pacific,,,,,,,,,,,,,,,,,East Asia and Pacific,,,,,,,,,,World Bank (upper middle income)
IMN,,,,,,,,,,,,,,,,,,,,,,,,,,,,,,,,,,,,,,,,,,,,,,,,,,,,,,,,,,,,,ESCAP_Europe (Europe),,,,,,,,,,,,,,,,,,,,,,,,,,,,,,,,,,,,,,,,,,,,,Europe and Central Asia,World Bank (high income),,,,,,,,
IND,,,,,,,,,,,,,,,,,,,,,,,,,,,,,,,,,,,,,,,,,,,,,,,,,,,,,,,,ESCAP_All countries,,,,,,,,,,,,,,ESCAP_SAARC (SAARC),,,ESCAP_South and South-West Asia (SSWA),,,ESCAP_WB Lower Middle Income Economies,,,,,,,,,,,,,,,,,,,,,,,South Asia,South Asia,,,,,,,,,,World Bank (lower middle income),,,South Asia,,
IOT,,,,,,,,,,,,,,,,,,,,,,,,,,,,,,,,,,,,,,,,,,,,,,,,,,,,,,,,,,,,,,,,,,,ESCAP_Other Area (OTH_REGION),,,,,,,,,,,,,,,,,,,,,,,,,,,,,,,,,,,,,,,,,,,,,,,,
IRL,,,,,,,,,,,,,,,,,,,,,,,,,,,,,,,,,,,,,,,,,,,,,ECE_All countries,,,,ECE_European Union (E25),ECE_Euro area (EMU),,,,,,,,,,,ESCAP_Europe (Europe),,,,,,,,,,,,,,,,,,,,,,,,,,,,Europe and Central Asia,,,,,,,,,,,,,,,Western Europe,,Europe and Central Asia,World Bank (high income),,,,,,,,
IRN,,,,,,,,,,,,,,,,,,,,,,,,,,,,,,,,,,,,,,,,,,,,,,,,,,,,,,,,ESCAP_All countries,,,ESCAP_ECO (ECO),,,,,,,,,,,,,,ESCAP_South and South-West Asia (SSWA),,,,ESCAP_WB Upper Middle Income Economies,,,,,,,,,,,,,,,,,,,Middle East and North Africa,Middle East and North Africa,,,,,,,,,,,,,,Middle East and North Africa,,,,World Bank (upper middle income)
IRQ,,,,,,,,,,,,,,,,ESCWA_Arab countries,,,,,,,,,,,,,,,,,,,,,,,,,,,,,,,,,,,,,,,,,,,,,,,,,,,ESCAP_Other Area (OTH_REGION),,,,,,,,,,,,,ESCWA_Arab Middle-Income Countries (MICs),ESCWA_Countries in conflict,,,,ESCWA_Mashreq subregion,,,,,,,,,,,Middle East and North Africa,Middle East and North Africa,,,,,,,,,,,,,,Middle East and North Africa,,,,World Bank (upper middle income)
ISL,,,,,,,,,,,,,,,,,,,,,,,,,,,,,,,,,,,,,,,,,,,,,ECE_All countries,,,,,,,,,,,,,,,,ESCAP_Europe (Europe),,,,,,,,,,,,,,,,,,,,,,,,,,,,Europe and Central Asia,,,,,,,,,,,,,,,Western Europe,,Europe and Central Asia,World Bank (high income),,,,,,,,
ISR,,,,,,,,,,,,,,,,,,,,,,,,,,,,,,,,,,,,,,,,,,,,,ECE_All countries,,,,,,,,,,,,,,,,,,,,,,ESCAP_Other Area (OTH_REGION),,,,,,,,,,,,,,,,,,,,,,,,,,,,,Middle East and North Africa,,,,,,,,,,,World Bank (high income),,,,Middle East and North Africa,,,,
ITA,,,,,,,,,,,,,,,,,,,,,,,,,,,,,,,,,,,,,,,,,,,,,ECE_All countries,,,,ECE_European Union (E25),ECE_Euro area (EMU),,,,,,,,,,,ESCAP_Europe (Europe),,,,,,,,,,,,,,,,,,,,,,,,,,,,Europe and Central Asia,,,,,,,,,,,,,,,Western Europe,,Europe and Central Asia,World Bank (high income),,,,,,,,
JAM,,,,,,,,,,,,,,,,,,,,,,,,,,,,,,,,,,,,,,,,,,,,,,,,,,,,ECLAC_All countries,ECLAC_Carribean,,,,,,,,,ESCAP_Latin America (LAC),,,,,,,,,,,,,,,,,,,,,,,,,,,,,,,,Latin America and Caribbean,Latin America and the Caribbean,,,,,,,,,,,,,Latin America and the Caribbean,,,,,,,World Bank (upper middle income)
JEY,,,,,,,,,,,,,,,,,,,,,,,,,,,,,,,,,,,,,,,,,,,,,,,,,,,,,,,,,,,,,ESCAP_Europe (Europe),,,,,,,,,,,,,,,,,,,,,,,,,,,,,,,,,,,,,,,,,,,,,,,,,,,,,,
JOR,,,,,,,,,,,,,,,,ESCWA_Arab countries,,,,,,,,,,,,,,,,,,,,,,,,,,,,,,,,,,,,,,,,,,,,,,,,,,,ESCAP_Other Area (OTH_REGION),,,,,,,,,,,,,ESCWA_Arab Middle-Income Countries (MICs),,,,,ESCWA_Mashreq subregion,ESCWA_Non-conflict middle income countries,,,,,,,,,,Middle East and North Africa,Middle East and North Africa,,,,,,,,,,,,,World Bank (lower middle income),Middle East and North Africa,,,,
JPN,,,,,,,,,,,,,,,,,,,,,,,,,,,,,,,,,,,,,,,,,,,,,,,,,,,,,,,,ESCAP_All countries,,,,ESCAP_East and North-East Asia (ENEA),,,,,,,,,,,,,,ESCAP_WB High Income Economies,,,,,,,,,,,,,East Asia and Pacific,,,,,,,,,,,,,,,,,,East Asia and Pacific,,World Bank (high income),,,,,,,,
KAZ,,,,,,,,,,,,,,,,,,,,,,,,,,,,,,,,,,,,,,,,,,,,,ECE_All countries,ECE_CIS (CWG),ECE_Eurasian Economic Union (EAEU),"ECE_Eastern Europe, Caucasus and Central Asia (CIS)",,,,,,,,ESCAP_All countries,,ESCAP_Countries with Special Needs,ESCAP_ECO (ECO),,,,,ESCAP_LLDC (LLDC_E),ESCAP_North and Central Asia (NCA),,,,,,,,,,,,ESCAP_WB Upper Middle Income Economies,,,,,,,,,,,,Europe and Central Asia,Europe and Central Asia,Eastern Europe and Central Asia,,,,,,,,,,,,,,,Europe and Central Asia,,,,,,,,,World Bank (upper middle income)
KEN,,,Common Market for Eastern and Southern Africa (COMESA),East African Community (EAC),,,,Intergovernmental Authority on Development (IGAD),,Africa (African Union),,Eastern Africa (African Union),,,,,ECA_African Union Commission,ECA_All countries,,,,ECA_COMESA,ECA_Eastern Africa,ECA_EAC,,,,ECA_IGAD,,,,,,ECA_Non-Oil Producing,,,,,,,,,ECA_Sub-Saharan Africa,,,,,,,,,,,,ESCAP_Africa (AFR),,,,,,,,,,,,,,,,,,,,,,,,,,,,,,,,,,,,,Eastern and Southern Africa,Eastern and Southern Africa,,,,,,,,Sub-Saharan Africa,,,,,,,,,World Bank (lower middle income),,,,Sub-Saharan Africa,
KGZ,,,,,,,,,,,,,,,,,,,,,,,,,,,,,,,,,,,,,,,,,,,,,ECE_All countries,ECE_CIS (CWG),ECE_Eurasian Economic Union (EAEU),"ECE_Eastern Europe, Caucasus and Central Asia (CIS)",,,,,,,,ESCAP_All countries,,ESCAP_Countries with Special Needs,ESCAP_ECO (ECO),,,,,ESCAP_LLDC (LLDC_E),ESCAP_North and Central Asia (NCA),,,,,,,,,,,ESCAP_WB Lower Middle Income Economies,,,,,,,,,,,,,Europe and Central Asia,Europe and Central Asia,Eastern Europe and Central Asia,,,,,,,,,,,,,,,Europe and Central Asia,,,,World Bank (lower middle income),,,,,
KHM,,,,,,,,,,,,,,,,,,,,,,,,,,,,,,,,,,,,,,,,,,,,,,,,,,,,,,,,ESCAP_All countries,ESCAP_ASEAN (ASEAN),ESCAP_Countries with Special Needs,,,,,ESCAP_LDC (LDC_E),,,,,,,,ESCAP_South-East Asia (SEA),,,,,ESCAP_WB Lower Middle Income Economies,,,,,,,,,,,East Asia and Pacific,East Asia and Pacific,,,,,,,,,,,,,,,,,East Asia and Pacific,,,,,World Bank (lower middle income),,,,,
KIR,,,,,,,,,,,,,,,,,,,,,,,,,,,,,,,,,,,,,,,,,,,,,,,,,,,,,,,,ESCAP_All countries,,ESCAP_Countries with Special Needs,,,,,ESCAP_LDC (LDC_E),,,,,ESCAP_PACIFIC (PAC),ESCAP_Pacific island developing economies (PIDE),,,ESCAP_Small Islands Developing States,,,,ESCAP_WB Lower Middle Income Economies,,,,,,,,,,,East Asia and Pacific,East Asia and Pacific,,,,,,,,,,,,,,,,,East Asia and Pacific,,,,,World Bank (lower middle income),,,,,
KNA,,,,,,,,,,,,,,,,,,,,,,,,,,,,,,,,,,,,,,,,,,,,,,,,,,,,ECLAC_All countries,ECLAC_Carribean,,,,,,,,,ESCAP_Latin America (LAC),,,,,,,,,,,,,,,,,,,,,,,,,,,,,,,,Latin America and Caribbean,Latin America and the Caribbean,,,,,,,,,,,,World Bank (high income),Latin America and the Caribbean,,,,,,,
KOR,,,,,,,,,,,,,,,,,,,,,,,,,,,,,,,,,,,,,,,,,,,,,,,,,,,,,,,,ESCAP_All countries,,,,ESCAP_East and North-East Asia (ENEA),,,,,,,,,,,,,,ESCAP_WB High Income Economies,,,,,,,,,,,,,East Asia and Pacific,,,,,,,,,,,,,,,,,,East Asia and Pacific,,World Bank (high income),,,,,,,,
KWT,,,,,,,,,,,,,,,,ESCWA_Arab countries,,,,,,,,,,,,,,,,,,,,,,,,,,,,,,,,,,,,,,,,,,,,,,,,,,,ESCAP_Other Area (OTH_REGION),,,,,,,,,,,ESCWA_Arab High-Income Countries (HICs),,,,ESCWA_Gulf Cooperation Council (GCC),,,,,,,,,,,,,,Middle East and North Africa,Middle East and North Africa,,,,,,,,,,World Bank (high income),,,,Middle East and North Africa,,,,
LAO,,,,,,,,,,,,,,,,,,,,,,,,,,,,,,,,,,,,,,,,,,,,,,,,,,,,,,,,ESCAP_All countries,ESCAP_ASEAN (ASEAN),ESCAP_Countries with Special Needs,,,,,ESCAP_LDC (LDC_E),ESCAP_LLDC (LLDC_E),,,,,,,ESCAP_South-East Asia (SEA),,,,,ESCAP_WB Lower Middle Income Economies,,,,,,,,,,,East Asia and Pacific,East Asia and Pacific,,,,,,,,,,,,,,,,,East Asia and Pacific,,,,,World Bank (lower middle income),,,,,
LBN,,,,,,,,,,,,,,,,ESCWA_Arab countries,,,,,,,,,,,,,,,,,,,,,,,,,,,,,,,,,,,,,,,,,,,,,,,,,,,ESCAP_Other Area (OTH_REGION),,,,,,,,,,,,,ESCWA_Arab Middle-Income Countries (MICs),,,,,ESCWA_Mashreq subregion,ESCWA_Non-conflict middle income countries,,,,,,,,,,Middle East and North Africa,Middle East and North Africa,,,,,,,,,,,,,World Bank (lower middle income),Middle East and North Africa,,,,
LBR,,,,,,Economic Community of West African States (ECOWAS),Economic Community of West African States (ECOWAS) 202502,,,Africa (African Union),,,,,Western Africa (African Union),,ECA_African Union Commission,ECA_All countries,,,,,,,,ECA_ECOWAS,,,ECA_Least developed countries,,,ECA_Mineral-rich countries,,ECA_Non-Oil Producing,ECA_Non-Oil LDCs,,,,,,,,ECA_Sub-Saharan Africa,ECA_West Africa,,,,,,,,,,,ESCAP_Africa (AFR),,,,,,,,,,,,,,,,,,,,,,,,,,,,,,,,,,,,,,,,,,,,,,Sub-Saharan Africa,West and Central Africa,West and Central Africa,,,,,,World Bank (low income),,,,,Sub-Saharan Africa,
LBY,Arab Maghreb Union (AMU),Community of Sahel-Saharan States (CEN-SAD),Common Market for Eastern and Southern Africa (COMESA),,,,,,,Africa (African Union),,,Northern Africa (African Union),,,ESCWA_Arab countries,ECA_African Union Commission,ECA_All countries,ECA_AMU,,ECA_CEN-SAD,ECA_COMESA,,,,,,,,,,,ECA_North Africa,,,ECA_Oil producing economies,,,,,,,,,,,,,,,,,,,ESCAP_Africa (AFR),,,,,,,,,,,,,,,,,,,,,,,,,ESCWA_Arab Middle-Income Countries (MICs),ESCWA_Countries in conflict,,,ESCWA_Maghreb subregion,,,,,,,,,,,,Middle East and North Africa,Middle East and North Africa,,,,,,,,,,,,,,Middle East and North Africa,,,,World Bank (upper middle income)
LCA,,,,,,,,,,,,,,,,,,,,,,,,,,,,,,,,,,,,,,,,,,,,,,,,,,,,ECLAC_All countries,ECLAC_Carribean,,,,,,,,,ESCAP_Latin America (LAC),,,,,,,,,,,,,,,,,,,,,,,,,,,,,,,,Latin America and Caribbean,Latin America and the Caribbean,,,,,,,,,,,,,Latin America and the Caribbean,,,,,,,World Bank (upper middle income)
LIE,,,,,,,,,,,,,,,,,,,,,,,,,,,,,,,,,,,,,,,,,,,,,ECE_All countries,,,,,,,,,,,,,,,,ESCAP_Europe (Europe),,,,,,,,,,,,,,,,,,,,,,,,,,,,Europe and Central Asia,,,,,,,,,,,,,,,Western Europe,,Europe and Central Asia,World Bank (high income),,,,,,,,
LKA,,,,,,,,,,,,,,,,,,,,,,,,,,,,,,,,,,,,,,,,,,,,,,,,,,,,,,,,ESCAP_All countries,,,,,,,,,,,,,,ESCAP_SAARC (SAARC),,,ESCAP_South and South-West Asia (SSWA),,,ESCAP_WB Lower Middle Income Economies,,,,,,,,,,,,,,,,,,,,,,,South Asia,South Asia,,,,,,,,,,World Bank (lower middle income),,,South Asia,,
LSO,,,,,,,,,Southern African Development Community (SADC),Africa (African Union),,,,Southern Africa (African Union),,,ECA_African Union Commission,ECA_All countries,,,,,,,,,,,ECA_Least developed countries,ECA_Land-locked countries,ECA_Land-locked LDCs,ECA_Mineral-rich countries,,ECA_Non-Oil Producing,ECA_Non-Oil LDCs,,,ECA_Southern Africa,ECA_Southern Africa Customs Union (SACU),ECA_SADC,,,ECA_Sub-Saharan Africa,,,,,,,,,,,,ESCAP_Africa (AFR),,,,,,,,,,,,,,,,,,,,,,,,,,,,,,,,,,,,,Eastern and Southern Africa,Eastern and Southern Africa,,,,,,,,Sub-Saharan Africa,,,,,,,,,World Bank (lower middle income),,,,Sub-Saharan Africa,
LTU,,,,,,,,,,,,,,,,,,,,,,,,,,,,,,,,,,,,,,,,,,,,,ECE_All countries,,,,ECE_European Union (E25),ECE_Euro area (EMU),,,,,,,,,,,ESCAP_Europe (Europe),,,,,,,,,,,,,,,,,,,,,,,,,,,,Europe and Central Asia,,,,,,,,,,,,,,,Western Europe,,Europe and Central Asia,World Bank (high income),,,,,,,,
LUX,,,,,,,,,,,,,,,,,,,,,,,,,,,,,,,,,,,,,,,,,,,,,ECE_All countries,,,,ECE_European Union (E25),ECE_Euro area (EMU),,,,,,,,,,,ESCAP_Europe (Europe),,,,,,,,,,,,,,,,,,,,,,,,,,,,Europe and Central Asia,,,,,,,,,,,,,,,Western Europe,,Europe and Central Asia,World Bank (high income),,,,,,,,
LVA,,,,,,,,,,,,,,,,,,,,,,,,,,,,,,,,,,,,,,,,,,,,,ECE_All countries,,,,ECE_European Union (E25),ECE_Euro area (EMU),,,,,,,,,,,ESCAP_Europe (Europe),,,,,,,,,,,,,,,,,,,,,,,,,,,,Europe and Central Asia,,,,,,,,,,,,,,,Western Europe,,Europe and Central Asia,World Bank (high income),,,,,,,,
MAC,,,,,,,,,,,,,,,,,,,,,,,,,,,,,,,,,,,,,,,,,,,,,,,,,,,,,,,,ESCAP_All countries,,,,ESCAP_East and North-East Asia (ENEA),,,,,,,,,,,,,,ESCAP_WB High Income Economies,,,,,,,,,,,,,,,,,,,,,,,,,,,,,,,East Asia and Pacific,,World Bank (high income),,,,,,,,
MAF,,,,,,,,,,,,,,,,,,,,,,,,,,,,,,,,,,,,,,,,,,,,,,,,,,,,ECLAC_All countries,ECLAC_Carribean,,,,,,,,,ESCAP_Latin America (LAC),,,,,,,,,,,,,,,,,,,,,,,,,,,,,,,,,,,,,,,,,,,,,World Bank (high income),Latin America and the Caribbean,,,,,,,
MAR,Arab Maghreb Union (AMU),Community of Sahel-Saharan States (CEN-SAD),,,,,,,,Africa (African Union),,,Northern Africa (African Union),,,ESCWA_Arab countries,ECA_African Union Commission,ECA_All countries,ECA_AMU,,ECA_CEN-SAD,,,,,,,,,,,,ECA_North Africa,ECA_Non-Oil Producing,,,,,,,,,,,,,,,,,,,,,ESCAP_Africa (AFR),,,,,,,,,,,,,,,,,,,,,,,,,ESCWA_Arab Middle-Income Countries (MICs),,,,ESCWA_Maghreb subregion,,ESCWA_Non-conflict middle income countries,,,,,,,,,,Middle East and North Africa,Middle East and North Africa,,,,,,,,,,,,,World Bank (lower middle income),Middle East and North Africa,,,,
MCO,,,,,,,,,,,,,,,,,,,,,,,,,,,,,,,,,,,,,,,,,,,,,ECE_All countries,,,,,,,,,,,,,,,,ESCAP_Europe (Europe),,,,,,,,,,,,,,,,,,,,,,,,,,,,Europe and Central Asia,,,,,,,,,,,,,,,Western Europe,,Europe and Central Asia,World Bank (high income),,,,,,,,
MDA,,,,,,,,,,,,,,,,,,,,,,,,,,,,,,,,,,,,,,,,,,,,,ECE_All countries,ECE_CIS (CWG),,"ECE_Eastern Europe, Caucasus and Central Asia (CIS)",,,,,,,,,,,,,ESCAP_Europe (Europe),,,,,,,,,,,,,,,,,,,,,,,,,,,,Europe and Central Asia,Europe and Central Asia,Eastern Europe and Central Asia,,,,,,,,,,,,,,,Europe and Central Asia,,,,,,,,,World Bank (upper middle income)
MDG,,,Common Market for Eastern and Southern Africa (COMESA),,,,,,Southern African Development Community (SADC),Africa (African Union),,Eastern Africa (African Union),,,,,ECA_African Union Commission,ECA_All countries,,,,ECA_COMESA,ECA_Eastern Africa,,,,ECA_Island economies,,ECA_Least developed countries,,,ECA_Mineral-rich countries,,ECA_Non-Oil Producing,ECA_Non-Oil LDCs,,,,,ECA_SADC,,,ECA_Sub-Saharan Africa,,,,,,,,,,,,ESCAP_Africa (AFR),,,,,,,,,,,,,,,,,,,,,,,,,,,,,,,,,,,,,Eastern and Southern Africa,Eastern and Southern Africa,,,,,,,,Sub-Saharan Africa,,,,,,,,World Bank (low income),,,,,Sub-Saharan Africa,
MDV,,,,,,,,,,,,,,,,,,,,,,,,,,,,,,,,,,,,,,,,,,,,,,,,,,,,,,,,ESCAP_All countries,,ESCAP_Countries with Special Needs,,,,,,,,,,,,ESCAP_SAARC (SAARC),,ESCAP_Small Islands Developing States,ESCAP_South and South-West Asia (SSWA),,,,ESCAP_WB Upper Middle Income Economies,,,,,,,,,,,,,,,,,,,,,,South Asia,South Asia,,,,,,,,,,,,,South Asia,,World Bank (upper middle income)
MEX,,,,,,,,,,,,,,,,,,,,,,,,,,,,,,,,,,,,,,,,,,,,,,,,,,,,ECLAC_All countries,,ECLAC_Latin America,,,,,,,,ESCAP_Latin America (LAC),,,,,,,,,,,,,,,,,,,,,,,,,,,,,,,,Latin America and Caribbean,Latin America and the Caribbean,,,,,,,,,,,,,Latin America and the Caribbean,,,,,,,World Bank (upper middle income)
MHL,,,,,,,,,,,,,,,,,,,,,,,,,,,,,,,,,,,,,,,,,,,,,,,,,,,,,,,,ESCAP_All countries,,ESCAP_Countries with Special Needs,,,,,,,,,,ESCAP_PACIFIC (PAC),ESCAP_Pacific island developing economies (PIDE),,,ESCAP_Small Islands Developing States,,,,,ESCAP_WB Upper Middle Income Economies,,,,,,,,,,East Asia and Pacific,East Asia and Pacific,,,,,,,,,,,,,,,,,East Asia and Pacific,,,,,,,,,,World Bank (upper middle income)
MKD,,,,,,,,,,,,,,,,,,,,,,,,,,,,,,,,,,,,,,,,,,,,,ECE_All countries,,,,,,ECE_West Balkans (ST7),,,,,,,,,,ESCAP_Europe (Europe),,,,,,,,,,,,,,,,,,,,,,,,,,,,Europe and Central Asia,Europe and Central Asia,Eastern Europe and Central Asia,,,,,,,,,,,,,,,Europe and Central Asia,,,,,,,,,World Bank (upper middle income)
MLI,,Community of Sahel-Saharan States (CEN-SAD),,,,Economic Community of West African States (ECOWAS),,,,Africa (African Union),,,,,Western Africa (African Union),,ECA_African Union Commission,ECA_All countries,,,ECA_CEN-SAD,,,,,ECA_ECOWAS,,,ECA_Least developed countries,ECA_Land-locked countries,ECA_Land-locked LDCs,ECA_Mineral-rich countries,,ECA_Non-Oil Producing,ECA_Non-Oil LDCs,,,,,,ECA_Sahel,,ECA_Sub-Saharan Africa,ECA_West Africa,,,,,,,,,,,ESCAP_Africa (AFR),,,,,,,,,,,,,,,,,,,,,,,,,,,,,,,,,,,,,,,,,,,,,,Sub-Saharan Africa,West and Central Africa,West and Central Africa,,,,,,World Bank (low income),,,,,Sub-Saharan Africa,
MLT,,,,,,,,,,,,,,,,,,,,,,,,,,,,,,,,,,,,,,,,,,,,,ECE_All countries,,,,ECE_European Union (E25),ECE_Euro area (EMU),,,,,,,,,,,ESCAP_Europe (Europe),,,,,,,,,,,,,,,,,,,,,,,,,,,,Europe and Central Asia,,,,,,,,,,,,,,,Western Europe,,,World Bank (high income),,,,Middle East and North Africa,,,,
MMR,,,,,,,,,,,,,,,,,,,,,,,,,,,,,,,,,,,,,,,,,,,,,,,,,,,,,,,,ESCAP_All countries,ESCAP_ASEAN (ASEAN),ESCAP_Countries with Special Needs,,,,,ESCAP_LDC (LDC_E),,,,,,,,ESCAP_South-East Asia (SEA),,,,,ESCAP_WB Lower Middle Income Economies,,,,,,,,,,,East Asia and Pacific,East Asia and Pacific,,,,,,,,,,,,,,,,,East Asia and Pacific,,,,,World Bank (lower middle income),,,,,
MNE,,,,,,,,,,,,,,,,,,,,,,,,,,,,,,,,,,,,,,,,,,,,,ECE_All countries,,,,,,ECE_West Balkans (ST7),,,,,,,,,,ESCAP_Europe (Europe),,,,,,,,,,,,,,,,,,,,,,,,,,,,Europe and Central Asia,Europe and Central Asia,Eastern Europe and Central Asia,,,,,,,,,,,,,,,Europe and Central Asia,,,,,,,,,World Bank (upper middle income)
MNG,,,,,,,,,,,,,,,,,,,,,,,,,,,,,,,,,,,,,,,,,,,,,,,,,,,,,,,,ESCAP_All countries,,ESCAP_Countries with Special Needs,,ESCAP_East and North-East Asia (ENEA),,,,ESCAP_LLDC (LLDC_E),,,,,,,,,,,,,ESCAP_WB Upper Middle Income Economies,,,,,,,,,,East Asia and Pacific,East Asia and Pacific,,,,,,,,,,,,,,,,,East Asia and Pacific,,,,,,,,,,World Bank (upper middle income)
MNP,,,,,,,,,,,,,,,,,,,,,,,,,,,,,,,,,,,,,,,,,,,,,,,,,,,,,,,,ESCAP_All countries,,ESCAP_Countries with Special Needs,,,,,,,,,,ESCAP_PACIFIC (PAC),ESCAP_Pacific island developing economies (PIDE),,,ESCAP_Small Islands Developing States,,ESCAP_WB High Income Economies,,,,,,,,,,,,,,,,,,,,,,,,,,,,,,,East Asia and Pacific,,World Bank (high income),,,,,,,,
MOZ,,,,,,,,,Southern African Development Community (SADC),Africa (African Union),,,,Southern Africa (African Union),,,ECA_African Union Commission,ECA_All countries,,,,,,,,,,,ECA_Least developed countries,,,ECA_Mineral-rich countries,,ECA_Non-Oil Producing,ECA_Non-Oil LDCs,,,ECA_Southern Africa,,ECA_SADC,,,ECA_Sub-Saharan Africa,,,,,,,,,,,,ESCAP_Africa (AFR),,,,,,,,,,,,,,,,,,,,,,,,,,,,,,,,,,,,,Eastern and Southern Africa,Eastern and Southern Africa,,,,,,,,Sub-Saharan Africa,,,,,,,,World Bank (low income),,,,,Sub-Saharan Africa,
MRT,Arab Maghreb Union (AMU),Community of Sahel-Saharan States (CEN-SAD),,,,,,,,Africa (African Union),,,Northern Africa (African Union),,,ESCWA_Arab countries,ECA_African Union Commission,ECA_All countries,ECA_AMU,,ECA_CEN-SAD,,,,,,,,ECA_Least developed countries,,,ECA_Mineral-rich countries,ECA_North Africa,ECA_Non-Oil Producing,ECA_Non-Oil LDCs,,,,,,ECA_Sahel,,,,,,,,,,,,,,ESCAP_Africa (AFR),,,,,,,,,,,,,,,,,,,,,,,,,ESCWA_Arab Middle-Income Countries (MICs),,,ESCWA_Arab LDCs subregion,,,,,,,,,,,,,,,,,,Sub-Saharan Africa,West and Central Africa,West and Central Africa,,,,,,,World Bank (lower middle income),,,,Sub-Saharan Africa,
MSR,,,,,,,,,,,,,,,,,,,,,,,,,,,,,,,,,,,,,,,,,,,,,,,,,,,,ECLAC_All countries,ECLAC_Carribean,,,,,,,,,ESCAP_Latin America (LAC),,,,,,,,,,,,,,,,,,,,,,,,,,,,,,,,Latin America and Caribbean,Latin America and the Caribbean,,,,,,,,,,,,,,,,,,,,
MTQ,,,,,,,,,,,,,,,,,,,,,,,,,,,,,,,,,,,,,,,,,,,,,,,,,,,,ECLAC_All countries,ECLAC_Carribean,,,,,,,,,ESCAP_Latin America (LAC),,,,,,,,,,,,,,,,,,,,,,,,,,,,,,,,,,,,,,,,,,,,,,,,,,,,,
MUS,,,Common Market for Eastern and Southern Africa (COMESA),,,,,,Southern African Development Community (SADC),Africa (African Union),,Eastern Africa (African Union),,,,,ECA_African Union Commission,ECA_All countries,,,,ECA_COMESA,,,,,ECA_Island economies,,,,,,,ECA_Non-Oil Producing,,,,ECA_Southern Africa,,ECA_SADC,,ECA_Small Island states,ECA_Sub-Saharan Africa,,,,,,,,,,,,ESCAP_Africa (AFR),,,,,,,,,,,,,,,,,,,,,,,,,,,,,,,,,,,,,Eastern and Southern Africa,,,,,,,,,Sub-Saharan Africa,,,,,,,,,,,,,Sub-Saharan Africa,World Bank (upper middle income)
MWI,,,Common Market for Eastern and Southern Africa (COMESA),,,,,,Southern African Development Community (SADC),Africa (African Union),,,,Southern Africa (African Union),,,ECA_African Union Commission,ECA_All countries,,,,ECA_COMESA,,,,,,,ECA_Least developed countries,ECA_Land-locked countries,ECA_Land-locked LDCs,,,ECA_Non-Oil Producing,ECA_Non-Oil LDCs,,,ECA_Southern Africa,,ECA_SADC,,,ECA_Sub-Saharan Africa,,,,,,,,,,,,ESCAP_Africa (AFR),,,,,,,,,,,,,,,,,,,,,,,,,,,,,,,,,,,,,Eastern and Southern Africa,Eastern and Southern Africa,,,,,,,,Sub-Saharan Africa,,,,,,,,World Bank (low income),,,,,Sub-Saharan Africa,
MYS,,,,,,,,,,,,,,,,,,,,,,,,,,,,,,,,,,,,,,,,,,,,,,,,,,,,,,,,ESCAP_All countries,ESCAP_ASEAN (ASEAN),,,,,,,,,,,,,,ESCAP_South-East Asia (SEA),,,,,,ESCAP_WB Upper Middle Income Economies,,,,,,,,,,East Asia and Pacific,East Asia and Pacific,,,,,,,,,,,,,,,,,East Asia and Pacific,,,,,,,,,,World Bank (upper middle income)
MYT,,,,,,,,,,,,,,,,,,,,,,,,,,,,,,,,,,,,,,,,,,,,,,,,,,,,,,,ESCAP_Africa (AFR),,,,,,,,,,,,,,,,,,,,,,,,,,,,,,,,,,,,,,,,,,,,,,,,,,,,,,,,,,,,
NAM,,,,,,,,,Southern African Development Community (SADC),Africa (African Union),,,,Southern Africa (African Union),,,ECA_African Union Commission,ECA_All countries,,,,,,,,,,,,,,ECA_Mineral-rich countries,,ECA_Non-Oil Producing,,,,ECA_Southern Africa,ECA_Southern Africa Customs Union (SACU),ECA_SADC,,,ECA_Sub-Saharan Africa,,,,,,,,,,,,ESCAP_Africa (AFR),,,,,,,,,,,,,,,,,,,,,,,,,,,,,,,,,,,,,Eastern and Southern Africa,Eastern and Southern Africa,,,,,,,,Sub-Saharan Africa,,,,,,,,,,,,,Sub-Saharan Africa,World Bank (upper middle income)
NCL,,,,,,,,,,,,,,,,,,,,,,,,,,,,,,,,,,,,,,,,,,,,,,,,,,,,,,,,ESCAP_All countries,,ESCAP_Countries with Special Needs,,,,,,,,,,ESCAP_PACIFIC (PAC),ESCAP_Pacific island developing economies (PIDE),,,ESCAP_Small Islands Developing States,,ESCAP_WB High Income Economies,,,,,,,,,,,,,,,,,,,,,,,,,,,,,,,East Asia and Pacific,,World Bank (high income),,,,,,,,
NER,,Community of Sahel-Saharan States (CEN-SAD),,,,Economic Community of West African States (ECOWAS),,,,Africa (African Union),,,,,Western Africa (African Union),,ECA_African Union Commission,ECA_All countries,,,ECA_CEN-SAD,,,,,ECA_ECOWAS,,,ECA_Least developed countries,ECA_Land-locked countries,ECA_Land-locked LDCs,ECA_Mineral-rich countries,,,,ECA_Oil producing economies,ECA_Oil LDCs,,,,ECA_Sahel,,ECA_Sub-Saharan Africa,ECA_West Africa,,,,,,,,,,,ESCAP_Africa (AFR),,,,,,,,,,,,,,,,,,,,,,,,,,,,,,,,,,,,,,,,,,,,,,Sub-Saharan Africa,West and Central Africa,West and Central Africa,,,,,,World Bank (low income),,,,,Sub-Saharan Africa,
NFK,,,,,,,,,,,,,,,,,,,,,,,,,,,,,,,,,,,,,,,,,,,,,,,,,,,,,,,,,,,,,,,,,,,ESCAP_Other Area (OTH_REGION),,,,,,,,,,,,,,,,,,,,,,,,,,,,,,,,,,,,,,,,,,,,,,,,
NGA,,Community of Sahel-Saharan States (CEN-SAD),,,,Economic Community of West African States (ECOWAS),Economic Community of West African States (ECOWAS) 202502,,,Africa (African Union),,,,,Western Africa (African Union),,ECA_African Union Commission,ECA_All countries,,,ECA_CEN-SAD,,,,,ECA_ECOWAS,,,,,,,,,,ECA_Oil producing economies,,,,,ECA_Sahel,,ECA_Sub-Saharan Africa,ECA_West Africa,,,,,,,,,,,ESCAP_Africa (AFR),,,,,,,,,,,,,,,,,,,,,,,,,,,,,,,,,,,,,,,,,,,,,,Sub-Saharan Africa,West and Central Africa,West and Central Africa,,,,,,,World Bank (lower middle income),,,,Sub-Saharan Africa,
NIC,,,,,,,,,,,,,,,,,,,,,,,,,,,,,,,,,,,,,,,,,,,,,,,,,,,,ECLAC_All countries,,ECLAC_Latin America,,,,,,,,ESCAP_Latin America (LAC),,,,,,,,,,,,,,,,,,,,,,,,,,,,,,,,Latin America and Caribbean,Latin America and the Caribbean,,,,,,,,,,,,,Latin America and the Caribbean,,World Bank (lower middle income),,,,,
NIU,,,,,,,,,,,,,,,,,,,,,,,,,,,,,,,,,,,,,,,,,,,,,,,,,,,,,,,,ESCAP_All countries,,ESCAP_Countries with Special Needs,,,,,,,,,,ESCAP_PACIFIC (PAC),ESCAP_Pacific island developing economies (PIDE),,,ESCAP_Small Islands Developing States,,,,,,,,,,,,,,,East Asia and Pacific,East Asia and Pacific,,,,,,,,,,,,,,,,,,,,,,,,,,,
NLD,,,,,,,,,,,,,,,,,,,,,,,,,,,,,,,,,,,,,,,,,,,,,ECE_All countries,,,,ECE_European Union (E25),ECE_Euro area (EMU),,,,,,,,,,,ESCAP_Europe (Europe),,,,,,,,,,,,,,,,,,,,,,,,,,,,Europe and Central Asia,,,,,,,,,,,,,,,Western Europe,,Europe and Central Asia,World Bank (high income),,,,,,,,
NOR,,,,,,,,,,,,,,,,,,,,,,,,,,,,,,,,,,,,,,,,,,,,,ECE_All countries,,,,,,,,,,,,,,,,ESCAP_Europe (Europe),,,,,,,,,,,,,,,,,,,,,,,,,,,,Europe and Central Asia,,,,,,,,,,,,,,,Western Europe,,Europe and Central Asia,World Bank (high income),,,,,,,,
NPL,,,,,,,,,,,,,,,,,,,,,,,,,,,,,,,,,,,,,,,,,,,,,,,,,,,,,,,,ESCAP_All countries,,ESCAP_Countries with Special Needs,,,,,ESCAP_LDC (LDC_E),ESCAP_LLDC (LLDC_E),,,,,,ESCAP_SAARC (SAARC),,,ESCAP_South and South-West Asia (SSWA),,,ESCAP_WB Lower Middle Income Economies,,,,,,,,,,,,,,,,,,,,,,,South Asia,South Asia,,,,,,,,,,World Bank (lower middle income),,,South Asia,,
NRU,,,,,,,,,,,,,,,,,,,,,,,,,,,,,,,,,,,,,,,,,,,,,,,,,,,,,,,,ESCAP_All countries,,ESCAP_Countries with Special Needs,,,,,,,,,,ESCAP_PACIFIC (PAC),ESCAP_Pacific island developing economies (PIDE),,,ESCAP_Small Islands Developing States,,ESCAP_WB High Income Economies,,,,,,,,,,,,,East Asia and Pacific,East Asia and Pacific,,,,,,,,,,,,,,,,,East Asia and Pacific,,World Bank (high income),,,,,,,,
NZL,,,,,,,,,,,,,,,,,,,,,,,,,,,,,,,,,,,,,,,,,,,,,,,,,,,,,,,,ESCAP_All countries,,,,,,,,,,,,ESCAP_PACIFIC (PAC),,,,,,ESCAP_WB High Income Economies,,,,,,,,,,,,,East Asia and Pacific,,,,,,,,,,,,,,,,,,East Asia and Pacific,,World Bank (high income),,,,,,,,
OMN,,,,,,,,,,,,,,,,ESCWA_Arab countries,,,,,,,,,,,,,,,,,,,,,,,,,,,,,,,,,,,,,,,,,,,,,,,,,,,ESCAP_Other Area (OTH_REGION),,,,,,,,,,,ESCWA_Arab High-Income Countries (HICs),,,,ESCWA_Gulf Cooperation Council (GCC),,,,,,,,,,,,,,Middle East and North Africa,Middle East and North Africa,,,,,,,,,,World Bank (high income),,,,Middle East and North Africa,,,,
PAK,,,,,,,,,,,,,,,,,,,,,,,,,,,,,,,,,,,,,,,,,,,,,,,,,,,,,,,,ESCAP_All countries,,,ESCAP_ECO (ECO),,,,,,,,,,,ESCAP_SAARC (SAARC),,,ESCAP_South and South-West Asia (SSWA),,,ESCAP_WB Lower Middle Income Economies,,,,,,,,,,,,,,,,,,,,,,,South Asia,South Asia,,,,,,,,,,World Bank (lower middle income),,,South Asia,,
PAN,,,,,,,,,,,,,,,,,,,,,,,,,,,,,,,,,,,,,,,,,,,,,,,,,,,,ECLAC_All countries,,ECLAC_Latin America,,,,,,,,ESCAP_Latin America (LAC),,,,,,,,,,,,,,,,,,,,,,,,,,,,,,,,Latin America and Caribbean,Latin America and the Caribbean,,,,,,,,,,,,World Bank (high income),Latin America and the Caribbean,,,,,,,
PCN,,,,,,,,,,,,,,,,,,,,,,,,,,,,,,,,,,,,,,,,,,,,,,,,,,,,,,,,,,,,,,,,,,,ESCAP_Other Area (OTH_REGION),,,,,,,,,,,,,,,,,,,,,,,,,,,,,,,,,,,,,,,,,,,,,,,,
PER,,,,,,,,,,,,,,,,,,,,,,,,,,,,,,,,,,,,,,,,,,,,,,,,,,,,ECLAC_All countries,,ECLAC_Latin America,,,,,,,,ESCAP_Latin America (LAC),,,,,,,,,,,,,,,,,,,,,,,,,,,,,,,,Latin America and Caribbean,Latin America and the Caribbean,,,,,,,,,,,,,Latin America and the Caribbean,,,,,,,World Bank (upper middle income)
PHL,,,,,,,,,,,,,,,,,,,,,,,,,,,,,,,,,,,,,,,,,,,,,,,,,,,,,,,,ESCAP_All countries,ESCAP_ASEAN (ASEAN),,,,,,,,,,,,,,ESCAP_South-East Asia (SEA),,,,,ESCAP_WB Lower Middle Income Economies,,,,,,,,,,,East Asia and Pacific,East Asia and Pacific,,,,,,,,,,,,,,,,,East Asia and Pacific,,,,,World Bank (lower middle income),,,,,
PLW,,,,,,,,,,,,,,,,,,,,,,,,,,,,,,,,,,,,,,,,,,,,,,,,,,,,,,,,ESCAP_All countries,,ESCAP_Countries with Special Needs,,,,,,,,,,ESCAP_PACIFIC (PAC),ESCAP_Pacific island developing economies (PIDE),,,ESCAP_Small Islands Developing States,,ESCAP_WB High Income Economies,,,,,,,,,,,,,East Asia and Pacific,East Asia and Pacific,,,,,,,,,,,,,,,,,East Asia and Pacific,,World Bank (high income),,,,,,,,
PNG,,,,,,,,,,,,,,,,,,,,,,,,,,,,,,,,,,,,,,,,,,,,,,,,,,,,,,,,ESCAP_All countries,,ESCAP_Countries with Special Needs,,,,,,,,,,ESCAP_PACIFIC (PAC),ESCAP_Pacific island developing economies (PIDE),,,ESCAP_Small Islands Developing States,,,,ESCAP_WB Lower Middle Income Economies,,,,,,,,,,,East Asia and Pacific,East Asia and Pacific,,,,,,,,,,,,,,,,,East Asia and Pacific,,,,,World Bank (lower middle income),,,,,
POL,,,,,,,,,,,,,,,,,,,,,,,,,,,,,,,,,,,,,,,,,,,,,ECE_All countries,,,,ECE_European Union (E25),,,,,,,,,,,,ESCAP_Europe (Europe),,,,,,,,,,,,,,,,,,,,,,,,,,,,Europe and Central Asia,,,,,,,,,,,,,,,Western Europe,,Europe and Central Asia,World Bank (high income),,,,,,,,
PRI,,,,,,,,,,,,,,,,,,,,,,,,,,,,,,,,,,,,,,,,,,,,,,,,,,,,ECLAC_All countries,ECLAC_Carribean,,,,,,,,,ESCAP_Latin America (LAC),,,,,,,,,,,,,,,,,,,,,,,,,,,,,,,,,,,,,,,,,,,,,World Bank (high income),Latin America and the Caribbean,,,,,,,
PRK,,,,,,,,,,,,,,,,,,,,,,,,,,,,,,,,,,,,,,,,,,,,,,,,,,,,,,,,ESCAP_All countries,,,,ESCAP_East and North-East Asia (ENEA),,,,,,,,,,,,,,,ESCAP_WB Low Income Economies,,,,,,,,,,,,East Asia and Pacific,East Asia and Pacific,,,,,,,,,,,,,,,,,East Asia and Pacific,,,,World Bank (low income),,,,,,
PRT,,,,,,,,,,,,,,,,,,,,,,,,,,,,,,,,,,,,,,,,,,,,,ECE_All countries,,,,ECE_European Union (E25),ECE_Euro area (EMU),,,,,,,,,,,ESCAP_Europe (Europe),,,,,,,,,,,,,,,,,,,,,,,,,,,,Europe and Central Asia,,,,,,,,,,,,,,,Western Europe,,Europe and Central Asia,World Bank (high income),,,,,,,,
PRY,,,,,,,,,,,,,,,,,,,,,,,,,,,,,,,,,,,,,,,,,,,,,,,,,,,,ECLAC_All countries,,ECLAC_Latin America,,,,,,,,ESCAP_Latin America (LAC),,,,,,,,,,,,,,,,,,,,,,,,,,,,,,,,Latin America and Caribbean,Latin America and the Caribbean,,,,,,,,,,,,,Latin America and the Caribbean,,,,,,,World Bank (upper middle income)
PSE,,,,,,,,,,,,,,,,ESCWA_Arab countries,,,,,,,,,,,,,,,,,,,,,,,,,,,,,,,,,,,,,,,,,,,,,,,,,,,ESCAP_Other Area (OTH_REGION),,,,,,,,,,,,,ESCWA_Arab Middle-Income Countries (MICs),ESCWA_Countries in conflict,,,,ESCWA_Mashreq subregion,,,,,,,,,,,Middle East and North Africa,Middle East and North Africa,,,,,,,,,,,,,World Bank (lower middle income),Middle East and North Africa,,,,
PYF,,,,,,,,,,,,,,,,,,,,,,,,,,,,,,,,,,,,,,,,,,,,,,,,,,,,,,,,ESCAP_All countries,,ESCAP_Countries with Special Needs,,,,,,,,,,ESCAP_PACIFIC (PAC),ESCAP_Pacific island developing economies (PIDE),,,ESCAP_Small Islands Developing States,,ESCAP_WB High Income Economies,,,,,,,,,,,,,,,,,,,,,,,,,,,,,,,East Asia and Pacific,,World Bank (high income),,,,,,,,
QAT,,,,,,,,,,,,,,,,ESCWA_Arab countries,,,,,,,,,,,,,,,,,,,,,,,,,,,,,,,,,,,,,,,,,,,,,,,,,,,ESCAP_Other Area (OTH_REGION),,,,,,,,,,,ESCWA_Arab High-Income Countries (HICs),,,,ESCWA_Gulf Cooperation Council (GCC),,,,,,,,,,,,,,Middle East and North Africa,Middle East and North Africa,,,,,,,,,,World Bank (high income),,,,Middle East and North Africa,,,,
REU,,,,,,,,,,,,,,,,,,,,,,,,,,,,,,,,,,,,,,,,,,,,,,,,,,,,,,,ESCAP_Africa (AFR),,,,,,,,,,,,,,,,,,,,,,,,,,,,,,,,,,,,,,,,,,,,,,,,,,,,,,,,,,,,
RKS,,,,,,,,,,,,,,,,,,,,,,,,,,,,,,,,,,,,,,,,,,,,,,,,,,,,,,,,,,,,,,,,,,,,,,,,,,,,,,,,,,,,,,,,,Europe and Central Asia,,Eastern Europe and Central Asia,,,,,,,,,,,,,,,,,,,,,,,,
ROU,,,,,,,,,,,,,,,,,,,,,,,,,,,,,,,,,,,,,,,,,,,,,ECE_All countries,,,,ECE_European Union (E25),,,,,,,,,,,,ESCAP_Europe (Europe),,,,,,,,,,,,,,,,,,,,,,,,,,,,Europe and Central Asia,Europe and Central Asia,Eastern Europe and Central Asia,,,,,,,,,,,,,,,Europe and Central Asia,World Bank (high income),,,,,,,,
RUS,,,,,,,,,,,,,,,,,,,,,,,,,,,,,,,,,,,,,,,,,,,,,ECE_All countries,ECE_CIS (CWG),ECE_Eurasian Economic Union (EAEU),"ECE_Eastern Europe, Caucasus and Central Asia (CIS)",,,,,,,,ESCAP_All countries,,,,,,,,,ESCAP_North and Central Asia (NCA),,,,,,,,,ESCAP_WB High Income Economies,,,,,,,,,,,,,,,Europe and Central Asia,,Eastern Europe and Central Asia,,,,,,,,,,,,,,,Europe and Central Asia,World Bank (high income),,,,,,,,
RWA,,,Common Market for Eastern and Southern Africa (COMESA),East African Community (EAC),Economic Community of Central African States (ECCAS),,,,,Africa (African Union),,Eastern Africa (African Union),,,,,ECA_African Union Commission,ECA_All countries,,,,ECA_COMESA,ECA_Eastern Africa,ECA_EAC,ECA_ECCAS,,,,ECA_Least developed countries,ECA_Land-locked countries,ECA_Land-locked LDCs,ECA_Mineral-rich countries,,ECA_Non-Oil Producing,ECA_Non-Oil LDCs,,,,,,,,ECA_Sub-Saharan Africa,,,,,,,,,,,,ESCAP_Africa (AFR),,,,,,,,,,,,,,,,,,,,,,,,,,,,,,,,,,,,,Eastern and Southern Africa,Eastern and Southern Africa,,,,,,,,Sub-Saharan Africa,,,,,,,,World Bank (low income),,,,,Sub-Saharan Africa,
SAU,,,,,,,,,,,,,,,,ESCWA_Arab countries,,,,,,,,,,,,,,,,,,,,,,,,,,,,,,,,,,,,,,,,,,,,,,,,,,,ESCAP_Other Area (OTH_REGION),,,,,,,,,,,ESCWA_Arab High-Income Countries (HICs),,,,ESCWA_Gulf Cooperation Council (GCC),,,,,,,,,,,,,,Middle East and North Africa,Middle East and North Africa,,,,,,,,,,World Bank (high income),,,,Middle East and North Africa,,,,
SDN,,Community of Sahel-Saharan States (CEN-SAD),Common Market for Eastern and Southern Africa (COMESA),,,,,Intergovernmental Authority on Development (IGAD),,Africa (African Union),,Eastern Africa (African Union),,,,ESCWA_Arab countries,ECA_African Union Commission,ECA_All countries,,,ECA_CEN-SAD,ECA_COMESA,,,,,,ECA_IGAD,ECA_Least developed countries,,,ECA_Mineral-rich countries,ECA_North Africa,,,ECA_Oil producing economies,ECA_Oil LDCs,,,,,,ECA_Sub-Saharan Africa,,,,,,,,,,,,ESCAP_Africa (AFR),,,,,,,,,,,,,,,,,,,,,,,,ESCWA_Arab Low-Income Countries (LICs),,ESCWA_Countries in conflict,,ESCWA_Arab LDCs subregion,,,,,,,,,Eastern and Southern Africa,,,,,Middle East and North Africa,,,,Sub-Saharan Africa,,,,,,,,World Bank (low income),,,,,Sub-Saharan Africa,
SEN,,Community of Sahel-Saharan States (CEN-SAD),,,,Economic Community of West African States (ECOWAS),Economic Community of West African States (ECOWAS) 202502,,,Africa (African Union),,,,,Western Africa (African Union),,ECA_African Union Commission,ECA_All countries,,,ECA_CEN-SAD,,,,,ECA_ECOWAS,,,ECA_Least developed countries,,,,,ECA_Non-Oil Producing,ECA_Non-Oil LDCs,,,,,,ECA_Sahel,,ECA_Sub-Saharan Africa,ECA_West Africa,,,,,,,,,,,ESCAP_Africa (AFR),,,,,,,,,,,,,,,,,,,,,,,,,,,,,,,,,,,,,,,,,,,,,,Sub-Saharan Africa,West and Central Africa,West and Central Africa,,,,,,,World Bank (lower middle income),,,,Sub-Saharan Africa,
SGP,,,,,,,,,,,,,,,,,,,,,,,,,,,,,,,,,,,,,,,,,,,,,,,,,,,,,,,,ESCAP_All countries,ESCAP_ASEAN (ASEAN),ESCAP_Countries with Special Needs,,,,,,,,,,,,,ESCAP_South-East Asia (SEA),ESCAP_Small Islands Developing States,,ESCAP_WB High Income Economies,,,,,,,,,,,,,East Asia and Pacific,,,,,,,,,,,,,,,,,,East Asia and Pacific,,World Bank (high income),,,,,,,,
SGS,,,,,,,,,,,,,,,,,,,,,,,,,,,,,,,,,,,,,,,,,,,,,,,,,,,,ECLAC_All countries,,ECLAC_Latin America,,,,,,,,,,,,,ESCAP_Other Area (OTH_REGION),,,,,,,,,,,,,,,,,,,,,,,,,,,,,,,,,,,,,,,,,,,,,,,,
SHN,,,,,,,,,,,,,,,,,,,,,,,,,,,,,,,,,,,,,,,,,,,,,,,,,,,,,,,ESCAP_Africa (AFR),,,,,,,,,,,,,,,,,,,,,,,,,,,,,,,,,,,,,,,,,,,,,,,,,,,,,,,,,,,,
SJM,,,,,,,,,,,,,,,,,,,,,,,,,,,,,,,,,,,,,,,,,,,,,,,,,,,,,,,,,,,,,ESCAP_Europe (Europe),,,,,,,,,,,,,,,,,,,,,,,,,,,,,,,,,,,,,,,,,,,,,,,,,,,,,,
SLB,,,,,,,,,,,,,,,,,,,,,,,,,,,,,,,,,,,,,,,,,,,,,,,,,,,,,,,,ESCAP_All countries,,ESCAP_Countries with Special Needs,,,,,ESCAP_LDC (LDC_E),,,,,ESCAP_PACIFIC (PAC),ESCAP_Pacific island developing economies (PIDE),,,ESCAP_Small Islands Developing States,,,,ESCAP_WB Lower Middle Income Economies,,,,,,,,,,,East Asia and Pacific,East Asia and Pacific,,,,,,,,,,,,,,,,,East Asia and Pacific,,,,,World Bank (lower middle income),,,,,
SLE,,Community of Sahel-Saharan States (CEN-SAD),,,,Economic Community of West African States (ECOWAS),Economic Community of West African States (ECOWAS) 202502,,,Africa (African Union),,,,,Western Africa (African Union),,ECA_African Union Commission,ECA_All countries,,,ECA_CEN-SAD,,,,,ECA_ECOWAS,,,ECA_Least developed countries,,,ECA_Mineral-rich countries,,ECA_Non-Oil Producing,ECA_Non-Oil LDCs,,,,,,,,ECA_Sub-Saharan Africa,ECA_West Africa,,,,,,,,,,,ESCAP_Africa (AFR),,,,,,,,,,,,,,,,,,,,,,,,,,,,,,,,,,,,,,,,,,,,,,Sub-Saharan Africa,West and Central Africa,West and Central Africa,,,,,,World Bank (low income),,,,,Sub-Saharan Africa,
SLV,,,,,,,,,,,,,,,,,,,,,,,,,,,,,,,,,,,,,,,,,,,,,,,,,,,,ECLAC_All countries,,ECLAC_Latin America,,,,,,,,ESCAP_Latin America (LAC),,,,,,,,,,,,,,,,,,,,,,,,,,,,,,,,Latin America and Caribbean,Latin America and the Caribbean,,,,,,,,,,,,,Latin America and the Caribbean,,,,,,,World Bank (upper middle income)
SMR,,,,,,,,,,,,,,,,,,,,,,,,,,,,,,,,,,,,,,,,,,,,,ECE_All countries,,,,,,,,,,,,,,,,ESCAP_Europe (Europe),,,,,,,,,,,,,,,,,,,,,,,,,,,,Europe and Central Asia,,,,,,,,,,,,,,,Western Europe,,Europe and Central Asia,World Bank (high income),,,,,,,,
SOM,,Community of Sahel-Saharan States (CEN-SAD),Common Market for Eastern and Southern Africa (COMESA),,,,,Intergovernmental Authority on Development (IGAD),,Africa (African Union),,Eastern Africa (African Union),,,,ESCWA_Arab countries,ECA_African Union Commission,ECA_All countries,,,ECA_CEN-SAD,ECA_COMESA,ECA_Eastern Africa,,,,,ECA_IGAD,ECA_Least developed countries,,,,,ECA_Non-Oil Producing,ECA_Non-Oil LDCs,,,,,,,,ECA_Sub-Saharan Africa,,,,,,,,,,,,ESCAP_Africa (AFR),,,,,,,,,,,,,,,,,,,,,,,,ESCWA_Arab Low-Income Countries (LICs),,ESCWA_Countries in conflict,,ESCWA_Arab LDCs subregion,,,,,,,,,Eastern and Southern Africa,Eastern and Southern Africa,,,,,,,,Sub-Saharan Africa,,,,,,,,World Bank (low income),,,,,Sub-Saharan Africa,
SPM,,,,,,,,,,,,,,,,,,,,,,,,,,,,,,,,,,,,,,,,,,,,,,,,,,,,,,,,,,,,,,,,,,ESCAP_North America (NAM),,,,,,,,,,,,,,,,,,,,,,,,,,,,,,,,,,,,,,,,,,,,,,,,,
SRB,,,,,,,,,,,,,,,,,,,,,,,,,,,,,,,,,,,,,,,,,,,,,ECE_All countries,,,,,,ECE_West Balkans (ST7),,,,,,,,,,ESCAP_Europe (Europe),,,,,,,,,,,,,,,,,,,,,,,,,,,,Europe and Central Asia,Europe and Central Asia,Eastern Europe and Central Asia,,,,,,,,,,,,,,,Europe and Central Asia,,,,,,,,,World Bank (upper middle income)
SSD,,,,East African Community (EAC),,,,Intergovernmental Authority on Development (IGAD),,Africa (African Union),,Eastern Africa (African Union),,,,,ECA_African Union Commission,ECA_All countries,,,,,ECA_Eastern Africa,ECA_EAC,,,,ECA_IGAD,ECA_Least developed countries,ECA_Land-locked countries,ECA_Land-locked LDCs,,,,,ECA_Oil producing economies,ECA_Oil LDCs,,,,,,ECA_Sub-Saharan Africa,,,,,,,,,,,,ESCAP_Africa (AFR),,,,,,,,,,,,,,,,,,,,,,,,,,,,,,,,,,,,,Eastern and Southern Africa,Eastern and Southern Africa,,,,,,,,Sub-Saharan Africa,,,,,,,,World Bank (low income),,,,,Sub-Saharan Africa,
STP,,,,,Economic Community of Central African States (ECCAS),,,,,Africa (African Union),Central Africa (African Union),,,,,,ECA_African Union Commission,ECA_All countries,,ECA_Central Africa,,,,,ECA_ECCAS,,ECA_Island economies,,,,,,,ECA_Non-Oil Producing,,,,,,,,ECA_Small Island states,ECA_Sub-Saharan Africa,,,,,,,,,,,,ESCAP_Africa (AFR),,,,,,,,,,,,,,,,,,,,,,,,,,,,,,,,,,,,,,,,,,,,,,Sub-Saharan Africa,West and Central Africa,West and Central Africa,,,,,,,World Bank (lower middle income),,,,Sub-Saharan Africa,
SUR,,,,,,,,,,,,,,,,,,,,,,,,,,,,,,,,,,,,,,,,,,,,,,,,,,,,ECLAC_All countries,ECLAC_Carribean,,,,,,,,,ESCAP_Latin America (LAC),,,,,,,,,,,,,,,,,,,,,,,,,,,,,,,,Latin America and Caribbean,Latin America and the Caribbean,,,,,,,,,,,,,Latin America and the Caribbean,,,,,,,World Bank (upper middle income)
SVK,,,,,,,,,,,,,,,,,,,,,,,,,,,,,,,,,,,,,,,,,,,,,ECE_All countries,,,,ECE_European Union (E25),ECE_Euro area (EMU),,,,,,,,,,,ESCAP_Europe (Europe),,,,,,,,,,,,,,,,,,,,,,,,,,,,Europe and Central Asia,,,,,,,,,,,,,,,Western Europe,,Europe and Central Asia,World Bank (high income),,,,,,,,
SVN,,,,,,,,,,,,,,,,,,,,,,,,,,,,,,,,,,,,,,,,,,,,,ECE_All countries,,,,ECE_European Union (E25),ECE_Euro area (EMU),,,,,,,,,,,ESCAP_Europe (Europe),,,,,,,,,,,,,,,,,,,,,,,,,,,,Europe and Central Asia,,,,,,,,,,,,,,,Western Europe,,Europe and Central Asia,World Bank (high income),,,,,,,,
SWE,,,,,,,,,,,,,,,,,,,,,,,,,,,,,,,,,,,,,,,,,,,,,ECE_All countries,,,,ECE_European Union (E25),,,,,,,,,,,,ESCAP_Europe (Europe),,,,,,,,,,,,,,,,,,,,,,,,,,,,Europe and Central Asia,,,,,,,,,,,,,,,Western Europe,,Europe and Central Asia,World Bank (high income),,,,,,,,
SWZ,,,Common Market for Eastern and Southern Africa (COMESA),,,,,,Southern African Development Community (SADC),Africa (African Union),,,,Southern Africa (African Union),,,ECA_African Union Commission,ECA_All countries,,,,ECA_COMESA,,,,,,,,ECA_Land-locked countries,,,,ECA_Non-Oil Producing,,,,ECA_Southern Africa,ECA_Southern Africa Customs Union (SACU),ECA_SADC,,,ECA_Sub-Saharan Africa,,,,,,,,,,,,ESCAP_Africa (AFR),,,,,,,,,,,,,,,,,,,,,,,,,,,,,,,,,,,,,Eastern and Southern Africa,Eastern and Southern Africa,,,,,,,,Sub-Saharan Africa,,,,,,,,,World Bank (lower middle income),,,,Sub-Saharan Africa,
SXM,,,,,,,,,,,,,,,,,,,,,,,,,,,,,,,,,,,,,,,,,,,,,,,,,,,,ECLAC_All countries,ECLAC_Carribean,,,,,,,,,ESCAP_Latin America (LAC),,,,,,,,,,,,,,,,,,,,,,,,,,,,,,,,,,,,,,,,,,,,,World Bank (high income),Latin America and the Caribbean,,,,,,,
SYC,,,Common Market for Eastern and Southern Africa (COMESA),,,,,,Southern African Development Community (SADC),Africa (African Union),,Eastern Africa (African Union),,,,,ECA_African Union Commission,ECA_All countries,,,,ECA_COMESA,ECA_Eastern Africa,,,,ECA_Island economies,,,,,,,ECA_Non-Oil Producing,,,,,,ECA_SADC,,ECA_Small Island states,ECA_Sub-Saharan Africa,,,,,,,,,,,,ESCAP_Africa (AFR),,,,,,,,,,,,,,,,,,,,,,,,,,,,,,,,,,,,,Eastern and Southern Africa,,,,,,,,,Sub-Saharan Africa,,,,,,World Bank (high income),,,,,,,Sub-Saharan Africa,
SYR,,,,,,,,,,,,,,,,ESCWA_Arab countries,,,,,,,,,,,,,,,,,,,,,,,,,,,,,,,,,,,,,,,,,,,,,,,,,,,ESCAP_Other Area (OTH_REGION),,,,,,,,,,,,ESCWA_Arab Low-Income Countries (LICs),,ESCWA_Countries in conflict,,,,ESCWA_Mashreq subregion,,,,,,,,,,,Middle East and North Africa,Middle East and North Africa,,,,,,,,,,,,World Bank (low income),,Middle East and North Africa,,,,
TCA,,,,,,,,,,,,,,,,,,,,,,,,,,,,,,,,,,,,,,,,,,,,,,,,,,,,ECLAC_All countries,ECLAC_Carribean,,,,,,,,,ESCAP_Latin America (LAC),,,,,,,,,,,,,,,,,,,,,,,,,,,,,,,,Latin America and Caribbean,Latin America and the Caribbean,,,,,,,,,,,,World Bank (high income),Latin America and the Caribbean,,,,,,,
TCD,,Community of Sahel-Saharan States (CEN-SAD),,,Economic Community of Central African States (ECCAS),,,,,Africa (African Union),Central Africa (African Union),,,,,,ECA_African Union Commission,ECA_All countries,,ECA_Central Africa,ECA_CEN-SAD,,,,ECA_ECCAS,,,,ECA_Least developed countries,ECA_Land-locked countries,ECA_Land-locked LDCs,,,,,ECA_Oil producing economies,ECA_Oil LDCs,,,,ECA_Sahel,,ECA_Sub-Saharan Africa,,,,,,,,,,,,ESCAP_Africa (AFR),,,,,,,,,,,,,,,,,,,,,,,,,,,,,,,,,,,,,,,,,,,,,,Sub-Saharan Africa,West and Central Africa,West and Central Africa,,,,,,World Bank (low income),,,,,Sub-Saharan Africa,
TGO,,Community of Sahel-Saharan States (CEN-SAD),,,,Economic Community of West African States (ECOWAS),Economic Community of West African States (ECOWAS) 202502,,,Africa (African Union),,,,,Western Africa (African Union),,ECA_African Union Commission,ECA_All countries,,,ECA_CEN-SAD,,,,,ECA_ECOWAS,,,ECA_Least developed countries,,,ECA_Mineral-rich countries,,ECA_Non-Oil Producing,ECA_Non-Oil LDCs,,,,,,,,ECA_Sub-Saharan Africa,ECA_West Africa,,,,,,,,,,,ESCAP_Africa (AFR),,,,,,,,,,,,,,,,,,,,,,,,,,,,,,,,,,,,,,,,,,,,,,Sub-Saharan Africa,West and Central Africa,West and Central Africa,,,,,,World Bank (low income),,,,,Sub-Saharan Africa,
THA,,,,,,,,,,,,,,,,,,,,,,,,,,,,,,,,,,,,,,,,,,,,,,,,,,,,,,,,ESCAP_All countries,ESCAP_ASEAN (ASEAN),,,,,,,,,,,,,,ESCAP_South-East Asia (SEA),,,,,,ESCAP_WB Upper Middle Income Economies,,,,,,,,,,East Asia and Pacific,East Asia and Pacific,,,,,,,,,,,,,,,,,East Asia and Pacific,,,,,,,,,,World Bank (upper middle income)
TJK,,,,,,,,,,,,,,,,,,,,,,,,,,,,,,,,,,,,,,,,,,,,,ECE_All countries,ECE_CIS (CWG),,"ECE_Eastern Europe, Caucasus and Central Asia (CIS)",,,,,,,,ESCAP_All countries,,ESCAP_Countries with Special Needs,ESCAP_ECO (ECO),,,,,ESCAP_LLDC (LLDC_E),ESCAP_North and Central Asia (NCA),,,,,,,,,,,ESCAP_WB Lower Middle Income Economies,,,,,,,,,,,,,Europe and Central Asia,Europe and Central Asia,Eastern Europe and Central Asia,,,,,,,,,,,,,,,Europe and Central Asia,,,,World Bank (lower middle income),,,,,
TKL,,,,,,,,,,,,,,,,,,,,,,,,,,,,,,,,,,,,,,,,,,,,,,,,,,,,,,,,,,,,,,,,,,,ESCAP_Other Area (OTH_REGION),,,,,,,,,,,,,,,,,,,,East Asia and Pacific,East Asia and Pacific,,,,,,,,,,,,,,,,,,,,,,,,,,,
TKM,,,,,,,,,,,,,,,,,,,,,,,,,,,,,,,,,,,,,,,,,,,,,ECE_All countries,ECE_CIS (CWG),,"ECE_Eastern Europe, Caucasus and Central Asia (CIS)",,,,,,,,ESCAP_All countries,,ESCAP_Countries with Special Needs,ESCAP_ECO (ECO),,,,,ESCAP_LLDC (LLDC_E),ESCAP_North and Central Asia (NCA),,,,,,,,,,,,ESCAP_WB Upper Middle Income Economies,,,,,,,,,,,,Europe and Central Asia,Europe and Central Asia,Eastern Europe and Central Asia,,,,,,,,,,,,,,,Europe and Central Asia,,,,,,,,,World Bank (upper middle income)
TLS,,,,,,,,,,,,,,,,,,,,,,,,,,,,,,,,,,,,,,,,,,,,,,,,,,,,,,,,ESCAP_All countries,ESCAP_ASEAN (ASEAN),ESCAP_Countries with Special Needs,,,,,ESCAP_LDC (LDC_E),,,,,,,,ESCAP_South-East Asia (SEA),ESCAP_Small Islands Developing States,,,,ESCAP_WB Lower Middle Income Economies,,,,,,,,,,,East Asia and Pacific,East Asia and Pacific,,,,,,,,,,,,,,,,,East Asia and Pacific,,,,,World Bank (lower middle income),,,,,
TON,,,,,,,,,,,,,,,,,,,,,,,,,,,,,,,,,,,,,,,,,,,,,,,,,,,,,,,,ESCAP_All countries,,ESCAP_Countries with Special Needs,,,,,,,,,,ESCAP_PACIFIC (PAC),ESCAP_Pacific island developing economies (PIDE),,,ESCAP_Small Islands Developing States,,,,,ESCAP_WB Upper Middle Income Economies,,,,,,,,,,East Asia and Pacific,East Asia and Pacific,,,,,,,,,,,,,,,,,East Asia and Pacific,,,,,,,,,,World Bank (upper middle income)
TTO,,,,,,,,,,,,,,,,,,,,,,,,,,,,,,,,,,,,,,,,,,,,,,,,,,,,ECLAC_All countries,ECLAC_Carribean,,,,,,,,,ESCAP_Latin America (LAC),,,,,,,,,,,,,,,,,,,,,,,,,,,,,,,,Latin America and Caribbean,Latin America and the Caribbean,,,,,,,,,,,,World Bank (high income),Latin America and the Caribbean,,,,,,,
TUN,Arab Maghreb Union (AMU),Community of Sahel-Saharan States (CEN-SAD),Common Market for Eastern and Southern Africa (COMESA),,,,,,,Africa (African Union),,,Northern Africa (African Union),,,ESCWA_Arab countries,ECA_African Union Commission,ECA_All countries,ECA_AMU,,ECA_CEN-SAD,ECA_COMESA,,,,,,,,,,,ECA_North Africa,,,ECA_Oil producing economies,,,,,,,,,,,,,,,,,,,ESCAP_Africa (AFR),,,,,,,,,,,,,,,,,,,,,,,,,ESCWA_Arab Middle-Income Countries (MICs),,,,ESCWA_Maghreb subregion,,ESCWA_Non-conflict middle income countries,,,,,,,,,,Middle East and North Africa,Middle East and North Africa,,,,,,,,,,,,,World Bank (lower middle income),Middle East and North Africa,,,,
TUR,,,,,,,,,,,,,,,,,,,,,,,,,,,,,,,,,,,,,,,,,,,,,ECE_All countries,,,,,,,,,,,ESCAP_All countries,,,ESCAP_ECO (ECO),,,,,,,,,,,,,,ESCAP_South and South-West Asia (SSWA),,,,ESCAP_WB Upper Middle Income Economies,,,,,,,,,,,,Europe and Central Asia,Europe and Central Asia,Eastern Europe and Central Asia,,,,,,,,,,,,,,,Europe and Central Asia,,,,,,,,,World Bank (upper middle income)
TUV,,,,,,,,,,,,,,,,,,,,,,,,,,,,,,,,,,,,,,,,,,,,,,,,,,,,,,,,ESCAP_All countries,,ESCAP_Countries with Special Needs,,,,,ESCAP_LDC (LDC_E),,,,,ESCAP_PACIFIC (PAC),ESCAP_Pacific island developing economies (PIDE),,,ESCAP_Small Islands Developing States,,,,,ESCAP_WB Upper Middle Income Economies,,,,,,,,,,East Asia and Pacific,East Asia and Pacific,,,,,,,,,,,,,,,,,East Asia and Pacific,,,,,,,,,,World Bank (upper middle income)
TWN,,,,,,,,,,,,,,,,,,,,,,,,,,,,,,,,,,,,,,,,,,,,,,,,,,,,,,,,,,,,,,,,,,,,,,,,,,,,,,,,,,,,,,,,,,,,,,,,,,,,,,,,,East Asia and Pacific,,World Bank (high income),,,,,,,,
TZA,,,,East African Community (EAC),,,,,Southern African Development Community (SADC),Africa (African Union),,Eastern Africa (African Union),,,,,ECA_African Union Commission,ECA_All countries,,,,,ECA_Eastern Africa,ECA_EAC,,,,,ECA_Least developed countries,,,ECA_Mineral-rich countries,,ECA_Non-Oil Producing,ECA_Non-Oil LDCs,,,,,ECA_SADC,,,ECA_Sub-Saharan Africa,,,,,,,,,,,,ESCAP_Africa (AFR),,,,,,,,,,,,,,,,,,,,,,,,,,,,,,,,,,,,,Eastern and Southern Africa,Eastern and Southern Africa,,,,,,,,Sub-Saharan Africa,,,,,,,,,World Bank (lower middle income),,,,Sub-Saharan Africa,
UGA,,,Common Market for Eastern and Southern Africa (COMESA),East African Community (EAC),,,,Intergovernmental Authority on Development (IGAD),,Africa (African Union),,Eastern Africa (African Union),,,,,ECA_African Union Commission,ECA_All countries,,,,ECA_COMESA,ECA_Eastern Africa,ECA_EAC,,,,ECA_IGAD,ECA_Least developed countries,ECA_Land-locked countries,ECA_Land-locked LDCs,,,ECA_Non-Oil Producing,ECA_Non-Oil LDCs,,,,,,,,ECA_Sub-Saharan Africa,,,,,,,,,,,,ESCAP_Africa (AFR),,,,,,,,,,,,,,,,,,,,,,,,,,,,,,,,,,,,,Eastern and Southern Africa,Eastern and Southern Africa,,,,,,,,Sub-Saharan Africa,,,,,,,,World Bank (low income),,,,,Sub-Saharan Africa,
UKR,,,,,,,,,,,,,,,,,,,,,,,,,,,,,,,,,,,,,,,,,,,,,ECE_All countries,ECE_CIS (CWG),,"ECE_Eastern Europe, Caucasus and Central Asia (CIS)",,,,,,,,,,,,,ESCAP_Europe (Europe),,,,,,,,,,,,,,,,,,,,,,,,,,,,Europe and Central Asia,Europe and Central Asia,Eastern Europe and Central Asia,,,,,,,,,,,,,,,Europe and Central Asia,,,,,,,,,World Bank (upper middle income)
UMI,,,,,,,,,,,,,,,,,,,,,,,,,,,,,,,,,,,,,,,,,,,,,,,,,,,,,,,,,,,,,,,,,,,ESCAP_Other Area (OTH_REGION),,,,,,,,,,,,,,,,,,,,,,,,,,,,,,,,,,,,,,,,,,,,,,,,
URY,,,,,,,,,,,,,,,,,,,,,,,,,,,,,,,,,,,,,,,,,,,,,,,,,,,,ECLAC_All countries,,ECLAC_Latin America,,,,,,,,ESCAP_Latin America (LAC),,,,,,,,,,,,,,,,,,,,,,,,,,,,,,,,Latin America and Caribbean,Latin America and the Caribbean,,,,,,,,,,,,World Bank (high income),Latin America and the Caribbean,,,,,,,
USA,,,,,,,,,,,,,,,,,,,,,,,,,,,,,,,,,,,,,,,,,,,,,ECE_All countries,,,,,,,,,,,,,,,,,,,,,ESCAP_North America (NAM),,,,,,,,,,,,,,,,,,,,,,,,,,,,,,,,North America,,,,,,,,,World Bank (high income),,,,,North America,,,
UZB,,,,,,,,,,,,,,,,,,,,,,,,,,,,,,,,,,,,,,,,,,,,,ECE_All countries,ECE_CIS (CWG),,"ECE_Eastern Europe, Caucasus and Central Asia (CIS)",,,,,,,,ESCAP_All countries,,ESCAP_Countries with Special Needs,ESCAP_ECO (ECO),,,,,ESCAP_LLDC (LLDC_E),ESCAP_North and Central Asia (NCA),,,,,,,,,,,ESCAP_WB Lower Middle Income Economies,,,,,,,,,,,,,Europe and Central Asia,Europe and Central Asia,Eastern Europe and Central Asia,,,,,,,,,,,,,,,Europe and Central Asia,,,,World Bank (lower middle income),,,,,
VAT,,,,,,,,,,,,,,,,,,,,,,,,,,,,,,,,,,,,,,,,,,,,,,,,,,,,,,,,,,,,,ESCAP_Europe (Europe),,,,,,,,,,,,,,,,,,,,,,,,,,,,Europe and Central Asia,,,,,,,,,,,,,,,Western Europe,,,,,,,,,,,
VCT,,,,,,,,,,,,,,,,,,,,,,,,,,,,,,,,,,,,,,,,,,,,,,,,,,,,ECLAC_All countries,ECLAC_Carribean,,,,,,,,,ESCAP_Latin America (LAC),,,,,,,,,,,,,,,,,,,,,,,,,,,,,,,,Latin America and Caribbean,Latin America and the Caribbean,,,,,,,,,,,,,Latin America and the Caribbean,,,,,,,World Bank (upper middle income)
VEN,,,,,,,,,,,,,,,,,,,,,,,,,,,,,,,,,,,,,,,,,,,,,,,,,,,,ECLAC_All countries,,ECLAC_Latin America,,,,,,,,ESCAP_Latin America (LAC),,,,,,,,,,,,,,,,,,,,,,,,,,,,,,,,Latin America and Caribbean,Latin America and the Caribbean,,,,,,,,,,,,,Latin America and the Caribbean,,,,,,,
VGB,,,,,,,,,,,,,,,,,,,,,,,,,,,,,,,,,,,,,,,,,,,,,,,,,,,,ECLAC_All countries,ECLAC_Carribean,,,,,,,,,ESCAP_Latin America (LAC),,,,,,,,,,,,,,,,,,,,,,,,,,,,,,,,Latin America and Caribbean,Latin America and the Caribbean,,,,,,,,,,,,World Bank (high income),Latin America and the Caribbean,,,,,,,
VIR,,,,,,,,,,,,,,,,,,,,,,,,,,,,,,,,,,,,,,,,,,,,,,,,,,,,ECLAC_All countries,ECLAC_Carribean,,,,,,,,,ESCAP_Latin America (LAC),,,,,,,,,,,,,,,,,,,,,,,,,,,,,,,,,,,,,,,,,,,,,World Bank (high income),Latin America and the Caribbean,,,,,,,
VNM,,,,,,,,,,,,,,,,,,,,,,,,,,,,,,,,,,,,,,,,,,,,,,,,,,,,,,,,ESCAP_All countries,ESCAP_ASEAN (ASEAN),,,,,,,,,,,,,,ESCAP_South-East Asia (SEA),,,,,ESCAP_WB Lower Middle Income Economies,,,,,,,,,,,East Asia and Pacific,East Asia and Pacific,,,,,,,,,,,,,,,,,East Asia and Pacific,,,,,World Bank (lower middle income),,,,,
VUT,,,,,,,,,,,,,,,,,,,,,,,,,,,,,,,,,,,,,,,,,,,,,,,,,,,,,,,,ESCAP_All countries,,ESCAP_Countries with Special Needs,,,,,,,,,,ESCAP_PACIFIC (PAC),ESCAP_Pacific island developing economies (PIDE),,,ESCAP_Small Islands Developing States,,,,ESCAP_WB Lower Middle Income Economies,,,,,,,,,,,East Asia and Pacific,East Asia and Pacific,,,,,,,,,,,,,,,,,East Asia and Pacific,,,,,World Bank (lower middle income),,,,,
WLF,,,,,,,,,,,,,,,,,,,,,,,,,,,,,,,,,,,,,,,,,,,,,,,,,,,,,,,,,,,,,,,,,,,ESCAP_Other Area (OTH_REGION),,,,,,,,,,,,,,,,,,,,,,,,,,,,,,,,,,,,,,,,,,,,,,,,
WSM,,,,,,,,,,,,,,,,,,,,,,,,,,,,,,,,,,,,,,,,,,,,,,,,,,,,,,,,ESCAP_All countries,,ESCAP_Countries with Special Needs,,,,,,,,,,ESCAP_PACIFIC (PAC),ESCAP_Pacific island developing economies (PIDE),,,ESCAP_Small Islands Developing States,,,,ESCAP_WB Lower Middle Income Economies,,,,,,,,,,,East Asia and Pacific,East Asia and Pacific,,,,,,,,,,,,,,,,,East Asia and Pacific,,,,,World Bank (lower middle income),,,,,
XKX,,,,,,,,,,,,,,,,,,,,,,,,,,,,,,,,,,,,,,,,,,,,,,,,,,,,,,,,,,,,,ESCAP_Europe (Europe),,,,,,,,,,,,,,,,,,,,,,,,,,,,,Europe and Central Asia,,,,,,,,,,,,,,,,Europe and Central Asia,,,,,,,,,World Bank (upper middle income)
YEM,,,,,,,,,,,,,,,,ESCWA_Arab countries,,,,,,,,,,,,,,,,,,,,,,,,,,,,,,,,,,,,,,,,,,,,,,,,,,,ESCAP_Other Area (OTH_REGION),,,,,,,,,,,,ESCWA_Arab Low-Income Countries (LICs),,ESCWA_Countries in conflict,,ESCWA_Arab LDCs subregion,,,,,,,,,,,,,Middle East and North Africa,Middle East and North Africa,,,,,,,,,,,,World Bank (low income),,Middle East and North Africa,,,,
ZAF,,,,,,,,,Southern African Development Community (SADC),Africa (African Union),,,,Southern Africa (African Union),,,ECA_African Union Commission,ECA_All countries,,,,,,,,,,,,,,ECA_Mineral-rich countries,,ECA_Non-Oil Producing,,,,ECA_Southern Africa,ECA_Southern Africa Customs Union (SACU),ECA_SADC,,,ECA_Sub-Saharan Africa,,,,,,,,,,,,ESCAP_Africa (AFR),,,,,,,,,,,,,,,,,,,,,,,,,,,,,,,,,,,,,Eastern and Southern Africa,Eastern and Southern Africa,,,,,,,,Sub-Saharan Africa,,,,,,,,,,,,,Sub-Saharan Africa,World Bank (upper middle income)
ZMB,,,Common Market for Eastern and Southern Africa (COMESA),,,,,,Southern African Development Community (SADC),Africa (African Union),,,,Southern Africa (African Union),,,ECA_African Union Commission,ECA_All countries,,,,ECA_COMESA,,,,,,,ECA_Least developed countries,ECA_Land-locked countries,ECA_Land-locked LDCs,ECA_Mineral-rich countries,,ECA_Non-Oil Producing,ECA_Non-Oil LDCs,,,ECA_Southern Africa,,ECA_SADC,,,ECA_Sub-Saharan Africa,,,,,,,,,,,,ESCAP_Africa (AFR),,,,,,,,,,,,,,,,,,,,,,,,,,,,,,,,,,,,,Eastern and Southern Africa,Eastern and Southern Africa,,,,,,,,Sub-Saharan Africa,,,,,,,,,World Bank (lower middle income),,,,Sub-Saharan Africa,
ZWE,,,Common Market for Eastern and Southern Africa (COMESA),,,,,,Southern African Development Community (SADC),Africa (African Union),,,,Southern Africa (African Union),,,ECA_African Union Commission,ECA_All countries,,,,ECA_COMESA,,,,,,,,ECA_Land-locked countries,,ECA_Mineral-rich countries,,ECA_Non-Oil Producing,,,,ECA_Southern Africa,,ECA_SADC,,,ECA_Sub-Saharan Africa,,,,,,,,,,,,ESCAP_Africa (AFR),,,,,,,,,,,,,,,,,,,,,,,,,,,,,,,,,,,,,Eastern and Southern Africa,Eastern and Southern Africa,,,,,,,,Sub-Saharan Africa,,,,,,,,,World Bank (lower middle income),,,,Sub-Saharan Africa,
